date,QQQ
2015-01-02,94.56116485595703
2015-01-05,93.17402648925781
2015-01-06,91.92473602294922
2015-01-07,93.10974884033203
2015-01-08,94.89183807373047
2015-01-09,94.26720428466797
2015-01-12,93.2843017578125
2015-01-13,93.25672149658203
2015-01-14,92.74232482910156
2015-01-15,91.53893280029297
2015-01-16,92.61369323730469
2015-01-20,93.34860229492188
2015-01-21,93.82624053955078
2015-01-22,95.56243896484375
2015-01-23,95.77371215820312
2015-01-26,95.66349029541016
2015-01-27,93.18324279785156
2015-01-28,92.70557403564453
2015-01-29,93.59660339355469
2015-01-30,92.87091064453125
2015-02-02,93.67929077148438
2015-02-03,94.57951354980469
2015-02-04,94.49687194824219
2015-02-05,95.31441497802734
2015-02-06,94.7356948852539
2015-02-09,94.43254852294922
2015-02-10,95.9023208618164
2015-02-11,96.25138092041016
2015-02-12,97.37207794189453
2015-02-13,98.2080307006836
2015-02-17,98.29986572265625
2015-02-18,98.43766784667969
2015-02-19,98.92452239990234
2015-02-20,99.58589935302734
2015-02-23,99.68697357177734
2015-02-24,99.76043701171875
2015-02-25,99.51243591308594
2015-02-26,100.01765441894531
2015-02-27,99.57672882080078
2015-03-02,100.47693634033203
2015-03-03,100.00845336914062
2015-03-04,99.62265014648438
2015-03-05,99.7972183227539
2015-03-06,98.66732788085938
2015-03-09,98.95207214355469
2015-03-10,97.11483001708984
2015-03-11,96.55452728271484
2015-03-12,97.18836212158203
2015-03-13,96.7657699584961
2015-03-16,98.01509094238281
2015-03-17,98.17127227783203
2015-03-18,99.13581848144531
2015-03-19,99.28276824951172
2015-03-20,99.92542266845703
2015-03-23,99.7320785522461
2015-03-24,99.3730239868164
2015-03-25,97.0988540649414
2015-03-26,96.76742553710938
2015-03-27,97.15408325195312
2015-03-30,98.26815032958984
2015-03-31,97.22770690917969
2015-04-01,96.72134399414062
2015-04-02,96.78577423095703
2015-04-06,97.57760620117188
2015-04-07,97.41188049316406
2015-04-08,98.185302734375
2015-04-09,98.80216217041016
2015-04-10,99.20729064941406
2015-04-13,98.95868682861328
2015-04-14,98.67327880859375
2015-04-15,99.2901382446289
2015-04-16,99.15203857421875
2015-04-17,97.60521697998047
2015-04-20,99.06916046142578
2015-04-21,99.49268341064453
2015-04-22,100.03592681884766
2015-04-23,100.41340637207031
2015-04-24,101.77606201171875
2015-04-27,101.51828002929688
2015-04-28,101.31571960449219
2015-04-29,100.68042755126953
2015-04-30,99.09676361083984
2015-05-01,100.40423583984375
2015-05-04,100.56993865966797
2015-05-05,98.9310302734375
2015-05-06,98.24974060058594
2015-05-07,98.83899688720703
2015-05-08,100.07276153564453
2015-05-11,99.68605041503906
2015-05-12,99.23489379882812
2015-05-13,99.43743896484375
2015-05-14,100.89218139648438
2015-05-15,100.89218139648438
2015-05-18,101.33412170410156
2015-05-19,101.22364807128906
2015-05-20,101.28810119628906
2015-05-21,101.81289672851562
2015-05-22,101.71163940429688
2015-05-26,100.54232025146484
2015-05-27,102.16275787353516
2015-05-28,101.9325942993164
2015-05-29,101.3249282836914
2015-06-01,101.66557312011719
2015-06-02,101.34333801269531
2015-06-03,101.64717102050781
2015-06-04,100.87376403808594
2015-06-05,100.63439178466797
2015-06-08,99.61238861083984
2015-06-09,99.44664764404297
2015-06-10,100.80933380126953
2015-06-11,100.95662689208984
2015-06-12,100.12801361083984
2015-06-15,99.63080596923828
2015-06-16,100.17404174804688
2015-06-17,100.45025634765625
2015-06-18,101.9141616821289
2015-06-19,101.41031646728516
2015-06-22,102.1578369140625
2015-06-23,102.24088287353516
2015-06-24,101.71485900878906
2015-06-25,101.51182556152344
2015-06-26,100.83816528320312
2015-06-29,98.45726013183594
2015-06-30,98.80793762207031
2015-07-01,99.59236907958984
2015-07-02,99.62002563476562
2015-07-06,99.3893051147461
2015-07-07,99.63848114013672
2015-07-08,97.90353393554688
2015-07-09,97.84818267822266
2015-07-10,99.34317016601562
2015-07-13,101.08734130859375
2015-07-14,101.75177001953125
2015-07-15,101.86251068115234
2015-07-16,103.30211639404297
2015-07-17,104.82479858398438
2015-07-20,105.1847152709961
2015-07-21,105.12012481689453
2015-07-22,103.9296646118164
2015-07-23,103.54205322265625
2015-07-24,102.52696228027344
2015-07-27,101.6779556274414
2015-07-28,102.55462646484375
2015-07-29,102.9422378540039
2015-07-30,103.43133544921875
2015-07-31,103.31138610839844
2015-08-03,102.9883804321289
2015-08-04,102.79457092285156
2015-08-05,103.58821105957031
2015-08-06,101.9271011352539
2015-08-07,101.79791259765625
2015-08-10,102.96068572998047
2015-08-11,101.64100646972656
2015-08-12,101.99169921875
2015-08-13,101.82559204101562
2015-08-14,101.98249053955078
2015-08-17,102.83149719238281
2015-08-18,102.30547332763672
2015-08-19,101.63180541992188
2015-08-20,98.81715393066406
2015-08-21,94.49828338623047
2015-08-24,90.86231994628906
2015-08-25,90.5208740234375
2015-08-26,95.07968139648438
2015-08-27,97.48827362060547
2015-08-28,97.46981048583984
2015-08-31,96.26091766357422
2015-09-01,93.25245666503906
2015-09-02,95.88253021240234
2015-09-03,95.4118881225586
2015-09-04,94.27681732177734
2015-09-08,96.93458557128906
2015-09-09,95.84564971923828
2015-09-10,96.88843536376953
2015-09-11,97.42366790771484
2015-09-14,97.12837219238281
2015-09-15,98.27265930175781
2015-09-16,98.82635498046875
2015-09-17,98.86332702636719
2015-09-18,97.4571762084961
2015-09-21,97.76244354248047
2015-09-22,96.3008041381836
2015-09-23,96.37481689453125
2015-09-24,96.02326202392578
2015-09-25,95.20924377441406
2015-09-28,92.49874114990234
2015-09-29,92.01770782470703
2015-09-30,94.13616943359375
2015-10-01,94.56168365478516
2015-10-02,96.21758270263672
2015-10-05,97.59595489501953
2015-10-06,97.13339233398438
2015-10-07,97.71620178222656
2015-10-08,98.10474395751953
2015-10-09,98.54876708984375
2015-10-12,98.78925323486328
2015-10-13,98.15098571777344
2015-10-14,97.99373626708984
2015-10-15,99.6033706665039
2015-10-16,100.01964569091797
2015-10-19,100.59321594238281
2015-10-20,100.07515716552734
2015-10-21,99.46461486816406
2015-10-22,101.49052429199219
2015-10-23,104.33050537109375
2015-10-26,104.39527130126953
2015-10-27,104.60804748535156
2015-10-28,105.47763061523438
2015-10-29,105.31111907958984
2015-10-30,104.8393325805664
2015-11-02,106.02340698242188
2015-11-03,106.39346313476562
2015-11-04,106.40267181396484
2015-11-05,106.11593627929688
2015-11-06,106.18994140625
2015-11-09,105.06134033203125
2015-11-10,104.79305267333984
2015-11-11,104.66352844238281
2015-11-12,103.6459732055664
2015-11-13,101.61078643798828
2015-11-16,103.07241821289062
2015-11-17,103.13715362548828
2015-11-18,105.11683654785156
2015-11-19,105.19085693359375
2015-11-20,105.90313720703125
2015-11-23,105.5978775024414
2015-11-24,105.50537872314453
2015-11-25,105.5978775024414
2015-11-27,105.74590301513672
2015-11-30,105.47763061523438
2015-12-01,106.53224182128906
2015-12-02,105.87540435791016
2015-12-03,104.08077239990234
2015-12-04,106.51371002197266
2015-12-07,106.03267669677734
2015-12-08,106.04192352294922
2015-12-09,104.43228912353516
2015-12-10,104.904052734375
2015-12-11,102.4896240234375
2015-12-14,103.2667007446289
2015-12-15,103.8957290649414
2015-12-16,105.44062805175781
2015-12-17,103.90499114990234
2015-12-18,101.91181945800781
2015-12-21,103.04389953613281
2015-12-22,103.7212905883789
2015-12-23,104.49140930175781
2015-12-24,104.4728775024414
2015-12-28,104.41716003417969
2015-12-29,106.05956268310547
2015-12-30,105.10383605957031
2015-12-31,103.79548645019531
2016-01-04,101.60564422607422
2016-01-05,101.42933654785156
2016-01-06,100.45503997802734
2016-01-07,97.30941772460938
2016-01-08,96.51145935058594
2016-01-11,96.80835723876953
2016-01-12,97.9311294555664
2016-01-13,94.55355072021484
2016-01-14,96.56710052490234
2016-01-15,93.56996154785156
2016-01-19,93.77412414550781
2016-01-20,93.48645782470703
2016-01-21,93.57927703857422
2016-01-22,96.28872680664062
2016-01-25,94.8597640991211
2016-01-26,95.71340942382812
2016-01-27,93.32872772216797
2016-01-28,94.64635467529297
2016-01-29,96.62275695800781
2016-02-01,96.8825912475586
2016-02-02,94.78553771972656
2016-02-03,94.33087158203125
2016-02-04,94.32157897949219
2016-02-05,91.04608917236328
2016-02-08,89.65422058105469
2016-02-09,89.37584686279297
2016-02-10,89.71916198730469
2016-02-11,89.58927154541016
2016-02-12,90.9532470703125
2016-02-16,93.00392150878906
2016-02-17,95.1103286743164
2016-02-18,94.0246353149414
2016-02-19,94.30302429199219
2016-02-22,95.8340835571289
2016-02-23,94.2566146850586
2016-02-24,95.15670776367188
2016-02-25,96.0938720703125
2016-02-26,95.97322082519531
2016-02-29,95.1103286743164
2016-03-01,98.16310119628906
2016-03-02,98.2001953125
2016-03-03,98.01463317871094
2016-03-04,98.0517578125
2016-03-07,97.44861602783203
2016-03-08,96.6413345336914
2016-03-09,97.26304626464844
2016-03-10,97.11456298828125
2016-03-11,98.81261444091797
2016-03-14,98.97966003417969
2016-03-15,98.94257354736328
2016-03-16,99.82406616210938
2016-03-17,99.76837921142578
2016-03-18,99.92473602294922
2016-03-21,100.31562042236328
2016-03-22,100.62273406982422
2016-03-23,99.79442596435547
2016-03-24,99.82234191894531
2016-03-28,99.6827392578125
2016-03-29,101.28349304199219
2016-03-30,101.77676391601562
2016-03-31,101.62783813476562
2016-04-01,102.70740509033203
2016-04-04,102.31651306152344
2016-04-05,101.33000946044922
2016-04-06,102.99591064453125
2016-04-07,101.51612854003906
2016-04-08,101.44169616699219
2016-04-11,101.0694351196289
2016-04-12,101.91631317138672
2016-04-13,103.2192611694336
2016-04-14,103.22856140136719
2016-04-15,102.96797943115234
2016-04-18,103.51707458496094
2016-04-19,102.88423919677734
2016-04-20,102.96797943115234
2016-04-21,102.977294921875
2016-04-22,101.42311096191406
2016-04-25,101.42311096191406
2016-04-26,100.92986297607422
2016-04-27,100.12016296386719
2016-04-28,98.91030883789062
2016-04-29,98.38915252685547
2016-05-02,99.31979370117188
2016-05-03,98.39846801757812
2016-05-04,97.76559448242188
2016-05-05,97.73767852783203
2016-05-06,98.25885009765625
2016-05-09,98.53805541992188
2016-05-10,99.88748168945312
2016-05-11,98.98478698730469
2016-05-12,98.54732513427734
2016-05-13,98.18441772460938
2016-05-16,99.41284942626953
2016-05-17,98.16580963134766
2016-05-18,98.51942443847656
2016-05-19,98.00758361816406
2016-05-20,99.08712768554688
2016-05-23,98.95684814453125
2016-05-24,100.93914794921875
2016-05-25,101.6650390625
2016-05-26,101.962890625
2016-05-27,102.49334716796875
2016-05-31,102.68877410888672
2016-06-01,102.69808959960938
2016-06-02,102.91213989257812
2016-06-03,102.4281997680664
2016-06-06,102.80046081542969
2016-06-07,102.5398941040039
2016-06-08,102.71670532226562
2016-06-09,102.54918670654297
2016-06-10,101.38584899902344
2016-06-13,100.53894805908203
2016-06-14,100.53894805908203
2016-06-15,100.25045013427734
2016-06-16,100.54829406738281
2016-06-17,99.36972045898438
2016-06-20,99.99490356445312
2016-06-21,100.31218719482422
2016-06-22,100.06961059570312
2016-06-23,101.49727630615234
2016-06-24,97.31681060791016
2016-06-27,95.38521575927734
2016-06-28,97.4754409790039
2016-06-29,99.20174407958984
2016-06-30,100.34952545166016
2016-07-01,100.8533935546875
2016-07-05,100.23754119873047
2016-07-06,101.0586929321289
2016-07-07,101.35731506347656
2016-07-08,102.92496490478516
2016-07-11,103.51285552978516
2016-07-12,104.03539276123047
2016-07-13,103.7834701538086
2016-07-14,104.49263763427734
2016-07-15,104.32466125488281
2016-07-18,105.01520538330078
2016-07-19,104.6325912475586
2016-07-20,105.85501861572266
2016-07-21,105.61239624023438
2016-07-22,106.05097961425781
2016-07-25,106.06031799316406
2016-07-26,106.18159484863281
2016-07-27,106.91879272460938
2016-07-28,107.29203033447266
2016-07-29,107.52533721923828
2016-08-01,108.09455108642578
2016-08-02,107.27336883544922
2016-08-03,107.62798309326172
2016-08-04,107.93588256835938
2016-08-05,108.9717025756836
2016-08-08,108.85038757324219
2016-08-09,109.10233306884766
2016-08-10,108.82237243652344
2016-08-11,109.28897094726562
2016-08-12,109.36361694335938
2016-08-15,109.83018493652344
2016-08-16,109.2236328125
2016-08-17,109.41960144042969
2016-08-18,109.44757080078125
2016-08-19,109.41960144042969
2016-08-22,109.50357818603516
2016-08-23,109.69952392578125
2016-08-24,108.99034881591797
2016-08-25,108.8130874633789
2016-08-26,108.9717025756836
2016-08-29,109.12100219726562
2016-08-30,108.76640319824219
2016-08-31,108.65443420410156
2016-09-01,108.93435668945312
2016-09-02,109.28897094726562
2016-09-06,109.97013854980469
2016-09-07,110.03546142578125
2016-09-08,109.39160919189453
2016-09-09,106.63885498046875
2016-09-12,108.55179595947266
2016-09-13,107.58132934570312
2016-09-14,108.09455108642578
2016-09-15,109.77417755126953
2016-09-16,109.7218017578125
2016-09-19,109.24470520019531
2016-09-20,109.45053100585938
2016-09-21,110.52629089355469
2016-09-22,111.4056396484375
2016-09-23,110.6947250366211
2016-09-26,109.7685546875
2016-09-27,110.85372161865234
2016-09-28,111.04080963134766
2016-09-29,110.23631286621094
2016-09-30,111.05953979492188
2016-10-03,110.9005126953125
2016-10-04,110.73213195800781
2016-10-05,111.12501525878906
2016-10-06,111.06890869140625
2016-10-07,110.8256607055664
2016-10-10,111.52727508544922
2016-10-11,109.93695831298828
2016-10-12,109.84341430664062
2016-10-13,109.45053100585938
2016-10-14,109.58146667480469
2016-10-17,109.28213500976562
2016-10-18,110.25502014160156
2016-10-19,110.24567413330078
2016-10-20,110.11468505859375
2016-10-21,110.52629089355469
2016-10-24,111.85470581054688
2016-10-25,111.49921417236328
2016-10-26,110.74146270751953
2016-10-27,110.23631286621094
2016-10-28,109.5440673828125
2016-10-31,109.44115447998047
2016-11-01,108.6179428100586
2016-11-02,107.74797058105469
2016-11-03,106.69087982177734
2016-11-04,106.31668853759766
2016-11-07,108.84245300292969
2016-11-08,109.55340576171875
2016-11-09,110.05857849121094
2016-11-10,108.28117370605469
2016-11-11,108.32794189453125
2016-11-14,107.23344421386719
2016-11-15,108.72084045410156
2016-11-16,109.3663330078125
2016-11-17,110.16146850585938
2016-11-18,109.74984741210938
2016-11-21,110.89115142822266
2016-11-22,111.22792053222656
2016-11-23,110.77889251708984
2016-11-25,111.13436889648438
2016-11-28,110.88179779052734
2016-11-29,111.26535034179688
2016-11-30,109.91825103759766
2016-12-01,108.01923370361328
2016-12-02,108.2343978881836
2016-12-05,109.07632446289062
2016-12-06,109.33826446533203
2016-12-07,110.72274780273438
2016-12-08,110.91920471191406
2016-12-09,111.78923034667969
2016-12-12,111.28404998779297
2016-12-13,112.68724060058594
2016-12-14,112.45339965820312
2016-12-15,112.63113403320312
2016-12-16,112.21361541748047
2016-12-19,112.67335510253906
2016-12-20,113.10494995117188
2016-12-21,113.0204849243164
2016-12-22,112.70147705078125
2016-12-23,112.77656555175781
2016-12-27,113.3582763671875
2016-12-28,112.4763412475586
2016-12-29,112.31681823730469
2016-12-30,111.16277313232422
2017-01-03,112.15734100341797
2017-01-04,112.76718139648438
2017-01-05,113.40518188476562
2017-01-06,114.39973449707031
2017-01-09,114.77503967285156
2017-01-10,115.0283432006836
2017-01-11,115.33796691894531
2017-01-12,115.1596908569336
2017-01-13,115.55374145507812
2017-01-17,115.20657348632812
2017-01-18,115.4411849975586
2017-01-19,115.3848648071289
2017-01-20,115.63819122314453
2017-01-23,115.73201751708984
2017-01-24,116.51077270507812
2017-01-25,117.68354797363281
2017-01-26,117.80551147460938
2017-01-27,118.03072357177734
2017-01-30,117.11124420166016
2017-01-31,116.87667083740234
2017-02-01,117.68354797363281
2017-02-02,117.58036804199219
2017-02-03,117.91810607910156
2017-02-06,118.05886840820312
2017-02-07,118.49046325683594
2017-02-08,118.6874771118164
2017-02-09,119.11906433105469
2017-02-10,119.51312255859375
2017-02-13,120.18867492675781
2017-02-14,120.59208679199219
2017-02-15,121.30516052246094
2017-02-16,121.26765441894531
2017-02-17,121.79302978515625
2017-02-21,122.39352416992188
2017-02-22,122.4404296875
2017-02-23,121.98065185546875
2017-02-24,122.21524810791016
2017-02-27,122.36537170410156
2017-02-28,121.99009704589844
2017-03-01,123.32239532470703
2017-03-02,122.70316314697266
2017-03-03,122.92831420898438
2017-03-06,122.65625762939453
2017-03-07,122.4498291015625
2017-03-08,122.66561889648438
2017-03-09,122.75944519042969
2017-03-10,123.27547454833984
2017-03-13,123.48187255859375
2017-03-14,123.18165588378906
2017-03-15,123.94156646728516
2017-03-16,123.8572006225586
2017-03-17,123.81394958496094
2017-03-20,123.9267807006836
2017-03-21,122.04637145996094
2017-03-22,122.87374877929688
2017-03-23,122.56348419189453
2017-03-24,122.81731414794922
2017-03-27,123.01476287841797
2017-03-28,123.7669448852539
2017-03-29,124.34042358398438
2017-03-30,124.54727935791016
2017-03-31,124.4626693725586
2017-04-03,124.38745880126953
2017-04-04,124.58488464355469
2017-04-05,124.0771713256836
2017-04-06,124.14300537109375
2017-04-07,124.0771713256836
2017-04-10,124.12418365478516
2017-04-11,123.58831024169922
2017-04-12,123.09000396728516
2017-04-13,122.6010971069336
2017-04-17,123.61650085449219
2017-04-18,123.42848205566406
2017-04-19,123.6258773803711
2017-04-20,124.66010284423828
2017-04-21,124.63191986083984
2017-04-24,126.13623046875
2017-04-25,127.04820251464844
2017-04-26,126.86955261230469
2017-04-27,127.6311264038086
2017-04-28,127.85677337646484
2017-05-01,128.99436950683594
2017-05-02,129.21060180664062
2017-05-03,128.79696655273438
2017-05-04,128.8439483642578
2017-05-05,129.31405639648438
2017-05-08,129.59616088867188
2017-05-09,130.04742431640625
2017-05-10,130.12261962890625
2017-05-11,130.01919555664062
2017-05-12,130.3106689453125
2017-05-15,130.72434997558594
2017-05-16,131.26968383789062
2017-05-17,127.9319839477539
2017-05-18,129.05078125
2017-05-19,129.59616088867188
2017-05-22,130.6867218017578
2017-05-23,130.81832885742188
2017-05-24,131.42015075683594
2017-05-25,132.5388946533203
2017-05-26,132.77398681640625
2017-05-30,132.88681030273438
2017-05-31,132.8397674560547
2017-06-01,133.35690307617188
2017-06-02,134.88002014160156
2017-06-05,134.85179138183594
2017-06-06,134.31588745117188
2017-06-07,134.8424072265625
2017-06-08,134.98350524902344
2017-06-09,131.608154296875
2017-06-12,130.90296936035156
2017-06-13,131.96536254882812
2017-06-14,131.39190673828125
2017-06-15,130.80897521972656
2017-06-16,130.24143981933594
2017-06-19,132.41920471191406
2017-06-20,131.3822021484375
2017-06-21,132.6831512451172
2017-06-22,132.64547729492188
2017-06-23,133.15455627441406
2017-06-26,132.5323486328125
2017-06-27,130.1282958984375
2017-06-28,132.00436401367188
2017-06-29,129.71348571777344
2017-06-30,129.76065063476562
2017-07-03,128.39366149902344
2017-07-05,129.6569061279297
2017-07-06,128.4879150390625
2017-07-07,129.8737335205078
2017-07-10,130.72222900390625
2017-07-11,131.0899200439453
2017-07-12,132.64547729492188
2017-07-13,132.93772888183594
2017-07-14,133.98416137695312
2017-07-17,134.05015563964844
2017-07-18,134.9457244873047
2017-07-19,135.7377166748047
2017-07-20,135.91683959960938
2017-07-21,135.86026000976562
2017-07-24,136.48245239257812
2017-07-25,136.13365173339844
2017-07-26,136.57672119140625
2017-07-27,135.71884155273438
2017-07-28,135.6056671142578
2017-07-31,135.03060913085938
2017-08-01,135.34173583984375
2017-08-02,135.70938110351562
2017-08-03,135.18148803710938
2017-08-04,135.426513671875
2017-08-07,136.28445434570312
2017-08-08,136.04879760742188
2017-08-09,135.86962890625
2017-08-10,132.95655822753906
2017-08-11,133.96530151367188
2017-08-14,135.69056701660156
2017-08-15,135.78485107421875
2017-08-16,136.0205535888672
2017-08-17,133.23941040039062
2017-08-18,133.14511108398438
2017-08-21,132.97544860839844
2017-08-22,135.00234985351562
2017-08-23,134.521484375
2017-08-24,134.12559509277344
2017-08-25,133.84275817871094
2017-08-28,134.25755310058594
2017-08-29,134.7855224609375
2017-08-30,136.36935424804688
2017-08-31,137.83062744140625
2017-09-01,137.64205932617188
2017-09-05,136.40701293945312
2017-09-06,136.82188415527344
2017-09-07,137.1423797607422
2017-09-08,135.95455932617188
2017-09-11,137.51947021484375
2017-09-12,137.84947204589844
2017-09-13,138.0380096435547
2017-09-14,137.22718811035156
2017-09-15,137.69859313964844
2017-09-18,137.51812744140625
2017-09-19,137.75439453125
2017-09-20,137.32920837402344
2017-09-21,136.48834228515625
2017-09-22,136.35604858398438
2017-09-25,134.91989135742188
2017-09-26,135.2694854736328
2017-09-27,136.48834228515625
2017-09-28,136.44100952148438
2017-09-29,137.4236602783203
2017-10-02,137.54649353027344
2017-10-03,137.83938598632812
2017-10-04,137.9716796875
2017-10-05,139.32276916503906
2017-10-06,139.5116729736328
2017-10-09,139.35113525390625
2017-10-10,139.45506286621094
2017-10-11,139.87071228027344
2017-10-12,139.61566162109375
2017-10-13,140.15419006347656
2017-10-16,140.63607788085938
2017-10-17,140.81558227539062
2017-10-18,140.64549255371094
2017-10-19,140.12583923339844
2017-10-20,140.50375366210938
2017-10-23,139.58729553222656
2017-10-24,139.82350158691406
2017-10-25,139.29440307617188
2017-10-26,138.85037231445312
2017-10-27,142.8941650390625
2017-10-30,143.21542358398438
2017-10-31,143.75392150878906
2017-11-01,143.7067108154297
2017-11-02,143.4326934814453
2017-11-03,144.81216430664062
2017-11-06,145.30345153808594
2017-11-07,145.3884735107422
2017-11-08,145.97430419921875
2017-11-09,145.2090301513672
2017-11-10,145.1995849609375
2017-11-13,145.37904357910156
2017-11-14,144.84994506835938
2017-11-15,144.169677734375
2017-11-16,146.0120849609375
2017-11-17,145.45462036132812
2017-11-20,145.3412628173828
2017-11-21,146.91908264160156
2017-11-22,147.09860229492188
2017-11-24,147.6371307373047
2017-11-27,147.571044921875
2017-11-28,147.94894409179688
2017-11-29,145.36959838867188
2017-11-30,146.58839416503906
2017-12-01,145.96478271484375
2017-12-04,144.28305053710938
2017-12-05,144.3775177001953
2017-12-06,145.0294189453125
2017-12-07,145.520751953125
2017-12-08,146.1632080078125
2017-12-11,147.29705810546875
2017-12-12,147.09860229492188
2017-12-13,147.3820343017578
2017-12-14,147.27813720703125
2017-12-15,148.95042419433594
2017-12-18,150.19923400878906
2017-12-19,149.3092803955078
2017-12-20,149.1482696533203
2017-12-21,149.16729736328125
2017-12-22,148.99684143066406
2017-12-26,148.1920623779297
2017-12-27,148.2110137939453
2017-12-28,148.39089965820312
2017-12-29,147.47247314453125
2018-01-02,150.05723571777344
2018-01-03,151.5153045654297
2018-01-04,151.78041076660156
2018-01-05,153.30471801757812
2018-01-08,153.9012451171875
2018-01-09,153.9107208251953
2018-01-10,153.5509033203125
2018-01-11,154.60177612304688
2018-01-12,155.7379913330078
2018-01-16,155.29299926757812
2018-01-17,156.9688262939453
2018-01-18,156.9972381591797
2018-01-19,157.48956298828125
2018-01-22,159.1748809814453
2018-01-23,160.49090576171875
2018-01-24,159.44949340820312
2018-01-25,159.39260864257812
2018-01-26,161.83535766601562
2018-01-29,161.04953002929688
2018-01-30,159.72401428222656
2018-01-31,160.38671875
2018-02-01,159.0234375
2018-02-02,155.8516387939453
2018-02-05,149.70693969726562
2018-02-06,153.67401123046875
2018-02-07,151.6857147216797
2018-02-08,145.28541564941406
2018-02-09,147.7943878173828
2018-02-12,150.41702270507812
2018-02-13,151.1934356689453
2018-02-14,154.02430725097656
2018-02-15,156.8836212158203
2018-02-16,156.18301391601562
2018-02-20,156.4954071044922
2018-02-21,156.05047607421875
2018-02-22,156.03150939941406
2018-02-23,159.2222442626953
2018-02-26,161.33352661132812
2018-02-27,159.33578491210938
2018-02-28,158.3132781982422
2018-03-01,155.72848510742188
2018-03-02,157.15818786621094
2018-03-05,158.90029907226562
2018-03-06,159.57247924804688
2018-03-07,159.94180297851562
2018-03-08,160.822265625
2018-03-09,163.9467315673828
2018-03-12,164.8177490234375
2018-03-13,162.57386779785156
2018-03-14,162.5454559326172
2018-03-15,162.40342712402344
2018-03-16,161.9205780029297
2018-03-19,158.46578979492188
2018-03-20,158.98741149902344
2018-03-21,158.2950897216797
2018-03-22,154.38800048828125
2018-03-23,150.3196563720703
2018-03-26,155.90524291992188
2018-03-27,150.86019897460938
2018-03-28,149.1247100830078
2018-03-29,151.85594177246094
2018-04-02,147.47463989257812
2018-04-03,149.1342315673828
2018-04-04,151.48611450195312
2018-04-05,152.34909057617188
2018-04-06,148.53675842285156
2018-04-09,149.57994079589844
2018-04-10,152.880126953125
2018-04-11,151.9981689453125
2018-04-12,153.82850646972656
2018-04-13,153.03182983398438
2018-04-16,154.1982879638672
2018-04-17,157.51748657226562
2018-04-18,157.8399200439453
2018-04-19,156.3889617919922
2018-04-20,153.9137725830078
2018-04-23,153.52496337890625
2018-04-24,150.27223205566406
2018-04-25,150.45242309570312
2018-04-26,153.61984252929688
2018-04-27,153.71466064453125
2018-04-30,152.62408447265625
2018-05-01,154.36900329589844
2018-05-02,153.45860290527344
2018-05-03,153.43971252441406
2018-05-04,156.35104370117188
2018-05-07,157.6502685546875
2018-05-08,157.48898315429688
2018-05-09,159.2055206298828
2018-05-10,160.85560607910156
2018-05-11,160.7039031982422
2018-05-14,160.9788818359375
2018-05-15,159.19601440429688
2018-05-16,160.24864196777344
2018-05-17,159.63218688964844
2018-05-18,158.80718994140625
2018-05-21,159.69857788085938
2018-05-22,159.48997497558594
2018-05-23,160.8365936279297
2018-05-24,160.78916931152344
2018-05-25,160.95042419433594
2018-05-29,160.2391815185547
2018-05-30,161.38670349121094
2018-05-31,161.2823486328125
2018-06-01,163.81436157226562
2018-06-04,165.2937469482422
2018-06-05,165.80587768554688
2018-06-06,166.77316284179688
2018-06-07,165.4170379638672
2018-06-08,165.4265594482422
2018-06-11,165.87225341796875
2018-06-12,166.7447509765625
2018-06-13,166.73519897460938
2018-06-14,168.4232635498047
2018-06-15,167.8352508544922
2018-06-18,167.7383270263672
2018-06-19,167.26316833496094
2018-06-20,168.45108032226562
2018-06-21,166.98757934570312
2018-06-22,166.61697387695312
2018-06-25,162.86294555664062
2018-06-26,163.5282745361328
2018-06-27,161.3043975830078
2018-06-28,162.69190979003906
2018-06-29,163.1291046142578
2018-07-02,164.22203063964844
2018-07-03,162.32125854492188
2018-07-05,164.33607482910156
2018-07-06,166.89254760742188
2018-07-09,168.3940887451172
2018-07-10,168.51760864257812
2018-07-11,167.66233825683594
2018-07-12,170.5513916015625
2018-07-13,170.6939697265625
2018-07-16,170.2853240966797
2018-07-17,171.3212127685547
2018-07-18,170.9980926513672
2018-07-19,170.14276123046875
2018-07-20,170.10472106933594
2018-07-23,170.64646911621094
2018-07-24,171.34970092773438
2018-07-25,173.74461364746094
2018-07-26,171.11212158203125
2018-07-27,168.80276489257812
2018-07-30,166.41734313964844
2018-07-31,167.6908416748047
2018-08-01,168.3275146484375
2018-08-02,170.617919921875
2018-08-03,171.14065551757812
2018-08-06,172.14804077148438
2018-08-07,172.77523803710938
2018-08-08,172.98431396484375
2018-08-09,172.87982177734375
2018-08-10,171.5587615966797
2018-08-13,171.3686981201172
2018-08-14,172.44261169433594
2018-08-15,170.3328094482422
2018-08-16,170.89352416992188
2018-08-17,170.93150329589844
2018-08-20,170.77952575683594
2018-08-21,171.40675354003906
2018-08-22,172.0719757080078
2018-08-23,171.82489013671875
2018-08-24,173.42147827148438
2018-08-27,175.1891326904297
2018-08-28,175.4457244873047
2018-08-29,177.4700469970703
2018-08-30,177.15640258789062
2018-08-31,177.3844451904297
2018-09-04,176.62420654296875
2018-09-05,174.34335327148438
2018-09-06,172.78475952148438
2018-09-07,172.11952209472656
2018-09-10,172.69923400878906
2018-09-11,174.0297088623047
2018-09-12,173.5164794921875
2018-09-13,175.36973571777344
2018-09-14,174.85655212402344
2018-09-17,172.33807373046875
2018-09-18,173.7635955810547
2018-09-19,173.63059997558594
2018-09-20,175.55032348632812
2018-09-21,174.59046936035156
2018-09-24,175.07598876953125
2018-09-25,175.31402587890625
2018-09-26,175.43777465820312
2018-09-27,176.9230194091797
2018-09-28,176.88491821289062
2018-10-01,177.2467041015625
2018-10-02,176.8468017578125
2018-10-03,177.03726196289062
2018-10-04,173.6383819580078
2018-10-05,171.5152587890625
2018-10-08,170.46795654296875
2018-10-09,171.02017211914062
2018-10-10,163.4988250732422
2018-10-11,161.47091674804688
2018-10-12,165.9647216796875
2018-10-15,163.95582580566406
2018-10-16,168.72569274902344
2018-10-17,168.79234313964844
2018-10-18,164.87936401367188
2018-10-19,164.7270050048828
2018-10-22,165.57432556152344
2018-10-23,164.96499633789062
2018-10-24,157.4151153564453
2018-10-25,162.86097717285156
2018-10-26,158.67184448242188
2018-10-29,155.4062042236328
2018-10-30,157.96731567382812
2018-10-31,161.6803436279297
2018-11-01,163.81300354003906
2018-11-02,161.261474609375
2018-11-05,160.86160278320312
2018-11-06,162.0802459716797
2018-11-07,167.16429138183594
2018-11-08,166.09800720214844
2018-11-09,163.29888916015625
2018-11-12,158.35765075683594
2018-11-13,158.49098205566406
2018-11-14,157.2817840576172
2018-11-15,160.03329467773438
2018-11-16,159.47158813476562
2018-11-19,154.29232788085938
2018-11-20,151.5313262939453
2018-11-21,152.68333435058594
2018-11-23,151.5789031982422
2018-11-26,155.0825958251953
2018-11-27,155.6061553955078
2018-11-28,160.6140594482422
2018-11-29,160.0903778076172
2018-11-30,161.25193786621094
2018-12-03,164.070068359375
2018-12-04,157.77691650390625
2018-12-06,158.89083862304688
2018-12-07,153.6448974609375
2018-12-10,155.25392150878906
2018-12-11,155.7680206298828
2018-12-12,157.1389923095703
2018-12-13,157.1866455078125
2018-12-14,153.35931396484375
2018-12-17,149.88424682617188
2018-12-18,150.8267822265625
2018-12-19,147.1232147216797
2018-12-20,144.99061584472656
2018-12-21,140.49684143066406
2018-12-24,137.01280212402344
2018-12-26,145.56776428222656
2018-12-27,146.13108825683594
2018-12-28,146.05467224121094
2018-12-31,147.28636169433594
2019-01-02,147.87838745117188
2019-01-03,143.047119140625
2019-01-04,149.16732788085938
2019-01-07,150.94320678710938
2019-01-08,152.3085479736328
2019-01-09,153.54977416992188
2019-01-10,153.989013671875
2019-01-11,153.42568969726562
2019-01-14,152.0698699951172
2019-01-15,155.039306640625
2019-01-16,155.01063537597656
2019-01-17,156.2328338623047
2019-01-18,157.77951049804688
2019-01-22,154.61920166015625
2019-01-23,154.8197021484375
2019-01-24,155.8222198486328
2019-01-25,157.68405151367188
2019-01-28,155.7362823486328
2019-01-29,154.265869140625
2019-01-30,158.1901092529297
2019-01-31,160.55801391601562
2019-02-01,159.88006591796875
2019-02-04,161.8660888671875
2019-02-05,163.2982635498047
2019-02-06,162.811279296875
2019-02-07,160.6248016357422
2019-02-08,160.93988037109375
2019-02-11,160.78712463378906
2019-02-12,163.16458129882812
2019-02-13,163.27915954589844
2019-02-14,163.4796600341797
2019-02-15,164.16709899902344
2019-02-19,164.49172973632812
2019-02-20,164.46311950683594
2019-02-21,163.86155700683594
2019-02-22,165.0741729736328
2019-02-25,165.67564392089844
2019-02-26,165.84754943847656
2019-02-27,165.7425537109375
2019-02-28,165.36062622070312
2019-03-01,166.50637817382812
2019-03-04,166.5349884033203
2019-03-05,166.6591339111328
2019-03-06,165.71388244628906
2019-03-07,163.68014526367188
2019-03-08,163.4319305419922
2019-03-11,166.8309783935547
2019-03-12,167.7476043701172
2019-03-13,169.0079345703125
2019-03-14,168.72146606445312
2019-03-15,170.28733825683594
2019-03-18,170.6929168701172
2019-03-19,171.26681518554688
2019-03-20,171.94595336914062
2019-03-21,174.63381958007812
2019-03-22,170.798095703125
2019-03-25,170.472900390625
2019-03-26,171.26681518554688
2019-03-27,170.1668243408203
2019-03-28,170.5589599609375
2019-03-29,171.8502960205078
2019-04-01,174.1268768310547
2019-04-02,174.786865234375
2019-04-03,175.79122924804688
2019-04-04,175.7242889404297
2019-04-05,176.63296508789062
2019-04-08,177.08253479003906
2019-04-09,176.46075439453125
2019-04-10,177.4077606201172
2019-04-11,176.98684692382812
2019-04-12,177.7521209716797
2019-04-15,177.78076171875
2019-04-16,178.3929901123047
2019-04-17,179.0147247314453
2019-04-18,179.24427795410156
2019-04-22,179.75123596191406
2019-04-23,182.0373077392578
2019-04-24,181.4634246826172
2019-04-25,182.199951171875
2019-04-26,182.36253356933594
2019-04-29,182.71649169921875
2019-04-30,181.30084228515625
2019-05-01,180.71730041503906
2019-05-02,179.93296813964844
2019-05-03,182.80255126953125
2019-05-06,181.6834259033203
2019-05-07,178.14430236816406
2019-05-08,177.6947021484375
2019-05-09,176.7381591796875
2019-05-10,176.95819091796875
2019-05-13,170.81727600097656
2019-05-14,172.69204711914062
2019-05-15,175.1311798095703
2019-05-16,176.8912353515625
2019-05-17,175.0833740234375
2019-05-20,172.127685546875
2019-05-21,173.92599487304688
2019-05-22,173.151123046875
2019-05-23,170.5015869140625
2019-05-24,170.41549682617188
2019-05-28,169.7746124267578
2019-05-29,168.37808227539062
2019-05-30,169.08592224121094
2019-05-31,166.38848876953125
2019-06-03,162.72499084472656
2019-06-04,167.30682373046875
2019-06-05,168.55029296875
2019-06-06,169.88938903808594
2019-06-07,173.17034912109375
2019-06-10,175.18856811523438
2019-06-11,175.42770385742188
2019-06-12,174.4137725830078
2019-06-13,175.4468536376953
2019-06-14,174.7007293701172
2019-06-17,175.7530059814453
2019-06-18,178.30691528320312
2019-06-19,178.97645568847656
2019-06-20,180.64077758789062
2019-06-21,180.3729705810547
2019-06-24,180.3787384033203
2019-06-25,177.28233337402344
2019-06-26,178.1067352294922
2019-06-27,178.7873992919922
2019-06-28,179.01748657226562
2019-07-01,181.43325805664062
2019-07-02,182.1522216796875
2019-07-03,183.52313232421875
2019-07-05,183.14923095703125
2019-07-08,181.86463928222656
2019-07-09,182.7753448486328
2019-07-10,184.59677124023438
2019-07-11,184.46255493164062
2019-07-12,185.52664184570312
2019-07-15,186.1210174560547
2019-07-16,185.162353515625
2019-07-17,184.25164794921875
2019-07-18,184.46255493164062
2019-07-19,183.11087036132812
2019-07-22,184.5679931640625
2019-07-23,185.77593994140625
2019-07-24,187.07968139648438
2019-07-25,185.30616760253906
2019-07-26,187.2138671875
2019-07-29,186.57156372070312
2019-07-30,185.76632690429688
2019-07-31,183.19717407226562
2019-08-01,182.2864227294922
2019-08-02,179.6022491455078
2019-08-05,173.2560272216797
2019-08-06,175.68133544921875
2019-08-07,176.63046264648438
2019-08-08,180.47462463378906
2019-08-09,178.77783203125
2019-08-12,176.72634887695312
2019-08-13,180.59922790527344
2019-08-14,175.2020263671875
2019-08-15,175.00076293945312
2019-08-16,177.80955505371094
2019-08-19,180.63755798339844
2019-08-20,179.2379608154297
2019-08-21,180.8292694091797
2019-08-22,180.24452209472656
2019-08-23,174.5406036376953
2019-08-26,177.17689514160156
2019-08-27,176.80300903320312
2019-08-28,177.43569946289062
2019-08-29,180.14866638183594
2019-08-30,179.71728515625
2019-09-03,177.9725341796875
2019-09-04,180.54168701171875
2019-09-05,183.8490447998047
2019-09-06,183.66688537597656
2019-09-09,183.28343200683594
2019-09-10,182.75616455078125
2019-09-11,184.47215270996094
2019-09-12,185.23904418945312
2019-09-13,184.5775909423828
2019-09-16,183.75314331054688
2019-09-17,184.63511657714844
2019-09-18,184.5584259033203
2019-09-19,184.86521911621094
2019-09-20,182.9095458984375
2019-09-23,182.99024963378906
2019-09-24,180.56002807617188
2019-09-25,182.58677673339844
2019-09-26,181.9144287109375
2019-09-27,179.65704345703125
2019-09-30,181.36683654785156
2019-10-01,179.88758850097656
2019-10-02,176.7945556640625
2019-10-03,178.73487854003906
2019-10-04,181.36683654785156
2019-10-07,180.81935119628906
2019-10-08,178.1104736328125
2019-10-09,179.84913635253906
2019-10-10,181.24197387695312
2019-10-11,183.57620239257812
2019-10-14,183.55697631835938
2019-10-15,185.89120483398438
2019-10-16,185.4300994873047
2019-10-17,185.9200439453125
2019-10-18,184.1333465576172
2019-10-21,185.76634216308594
2019-10-22,184.28700256347656
2019-10-23,184.64247131347656
2019-10-24,186.43873596191406
2019-10-25,187.9276123046875
2019-10-28,189.7815399169922
2019-10-29,188.31187438964844
2019-10-30,189.22442626953125
2019-10-31,189.3108673095703
2019-11-01,191.03028869628906
2019-11-04,192.2117919921875
2019-11-05,192.31747436523438
2019-11-06,191.8852081298828
2019-11-07,192.5287628173828
2019-11-08,193.29722595214844
2019-11-11,193.03793334960938
2019-11-12,193.5950469970703
2019-11-13,193.64305114746094
2019-11-14,193.4893798828125
2019-11-15,194.91104125976562
2019-11-18,195.06472778320312
2019-11-19,195.3529052734375
2019-11-20,194.1809844970703
2019-11-21,193.74871826171875
2019-11-22,193.87359619140625
2019-11-25,196.1693878173828
2019-11-26,196.54403686523438
2019-11-27,197.91761779785156
2019-11-29,197.01475524902344
2019-12-02,194.99749755859375
2019-12-03,193.47015380859375
2019-12-04,194.44998168945312
2019-12-05,194.8341827392578
2019-12-06,196.91864013671875
2019-12-09,196.0252685546875
2019-12-10,195.8620147705078
2019-12-11,196.89944458007812
2019-12-12,198.3690948486328
2019-12-13,199.02232360839844
2019-12-16,201.0203094482422
2019-12-17,201.13560485839844
2019-12-18,201.28927612304688
2019-12-19,202.5476531982422
2019-12-20,203.36410522460938
2019-12-23,203.90127563476562
2019-12-24,204.0072021484375
2019-12-26,205.80738830566406
2019-12-27,205.6341094970703
2019-12-30,204.28636169433594
2019-12-31,204.67141723632812
2020-01-02,208.0888671875
2020-01-03,206.1827850341797
2020-01-06,207.51126098632812
2020-01-07,207.482421875
2020-01-08,209.0419158935547
2020-01-09,210.81326293945312
2020-01-10,210.2740936279297
2020-01-13,212.7000274658203
2020-01-14,211.86253356933594
2020-01-15,211.94915771484375
2020-01-16,213.98037719726562
2020-01-17,215.03927612304688
2020-01-21,214.94297790527344
2020-01-22,215.51097106933594
2020-01-23,216.20411682128906
2020-01-24,214.38467407226562
2020-01-27,209.9564208984375
2020-01-28,213.1813507080078
2020-01-29,213.52792358398438
2020-01-30,214.2884063720703
2020-01-31,210.8902130126953
2020-02-03,214.0766143798828
2020-02-04,218.97654724121094
2020-02-05,219.6985626220703
2020-02-06,221.59498596191406
2020-02-07,220.64195251464844
2020-02-10,223.30853271484375
2020-02-11,223.34706115722656
2020-02-12,225.5226593017578
2020-02-13,225.23387145996094
2020-02-14,225.8788299560547
2020-02-18,225.96548461914062
2020-02-19,228.1314697265625
2020-02-20,226.01356506347656
2020-02-21,221.6719970703125
2020-02-24,213.1236114501953
2020-02-25,207.32835388183594
2020-02-26,208.39691162109375
2020-02-27,197.961669921875
2020-02-28,198.11569213867188
2020-03-02,208.33914184570312
2020-03-03,201.6583251953125
2020-03-04,210.0719451904297
2020-03-05,203.68948364257812
2020-03-06,200.2528076171875
2020-03-09,186.3423309326172
2020-03-10,196.48883056640625
2020-03-11,187.93075561523438
2020-03-12,170.69915771484375
2020-03-13,185.1582794189453
2020-03-16,162.97854614257812
2020-03-17,175.33914184570312
2020-03-18,170.00601196289062
2020-03-19,171.0264129638672
2020-03-20,164.32627868652344
2020-03-23,164.44497680664062
2020-03-24,177.17913818359375
2020-03-25,175.8671417236328
2020-03-26,185.12840270996094
2020-03-27,178.76124572753906
2020-03-30,185.263427734375
2020-03-31,183.6813507080078
2020-04-01,175.87681579589844
2020-04-02,179.44622802734375
2020-04-03,176.89938354492188
2020-04-06,189.5467529296875
2020-04-07,189.46961975097656
2020-04-08,193.49246215820312
2020-04-09,193.77223205566406
2020-04-13,195.86561584472656
2020-04-14,204.38400268554688
2020-04-15,202.03981018066406
2020-04-16,205.72500610351562
2020-04-17,207.6930389404297
2020-04-20,205.2329864501953
2020-04-21,197.66000366210938
2020-04-22,203.5254669189453
2020-04-23,203.0913543701172
2020-04-24,206.294189453125
2020-04-27,207.9534912109375
2020-04-28,204.03675842285156
2020-04-29,211.2720947265625
2020-04-30,211.18524169921875
2020-05-01,205.2329864501953
2020-05-04,207.62548828125
2020-05-05,209.9793701171875
2020-05-06,211.2720947265625
2020-05-07,213.99256896972656
2020-05-08,216.92532348632812
2020-05-11,218.86439514160156
2020-05-12,214.28199768066406
2020-05-13,211.60011291503906
2020-05-14,214.00221252441406
2020-05-15,215.3914337158203
2020-05-18,219.4046630859375
2020-05-19,218.854736328125
2020-05-20,223.22488403320312
2020-05-21,220.79379272460938
2020-05-22,221.55592346191406
2020-05-26,220.9578399658203
2020-05-27,222.16368103027344
2020-05-28,221.87428283691406
2020-05-29,225.1253662109375
2020-06-01,225.8006591796875
2020-06-02,227.31529235839844
2020-06-03,228.33787536621094
2020-06-04,226.73646545410156
2020-06-05,231.2320098876953
2020-06-08,233.02638244628906
2020-06-09,234.71463012695312
2020-06-10,237.53155517578125
2020-06-11,225.76210021972656
2020-06-12,227.55642700195312
2020-06-15,230.32516479492188
2020-06-16,234.28048706054688
2020-06-17,235.02333068847656
2020-06-18,235.66001892089844
2020-06-19,235.62147521972656
2020-06-22,238.44717407226562
2020-06-23,240.47654724121094
2020-06-24,235.51904296875
2020-06-25,237.7610321044922
2020-06-26,232.1462860107422
2020-06-29,234.67823791503906
2020-06-30,239.2782745361328
2020-07-01,242.07113647460938
2020-07-02,243.71401977539062
2020-07-06,249.7056121826172
2020-07-07,247.9853973388672
2020-07-08,251.2518310546875
2020-07-09,253.3682098388672
2020-07-10,255.0980682373047
2020-07-13,249.8506317138672
2020-07-14,251.61907958984375
2020-07-15,252.13125610351562
2020-07-16,250.4111328125
2020-07-17,250.7010040283203
2020-07-20,257.81365966796875
2020-07-21,255.12709045410156
2020-07-22,256.02581787109375
2020-07-23,249.3384246826172
2020-07-24,246.9707489013672
2020-07-27,251.37745666503906
2020-07-28,248.17881774902344
2020-07-29,251.03921508789062
2020-07-30,252.35350036621094
2020-07-31,256.8569641113281
2020-08-03,260.32623291015625
2020-08-04,261.29266357421875
2020-08-05,261.9400634765625
2020-08-06,265.409423828125
2020-08-07,262.34600830078125
2020-08-10,261.2250061035156
2020-08-11,256.27703857421875
2020-08-12,262.7229919433594
2020-08-13,263.3219909667969
2020-08-14,263.0128479003906
2020-08-17,266.0665588378906
2020-08-18,268.6275939941406
2020-08-19,266.82037353515625
2020-08-20,270.52166748046875
2020-08-21,272.3963928222656
2020-08-24,274.0973205566406
2020-08-25,276.2524108886719
2020-08-26,282.1473388671875
2020-08-27,281.2679748535156
2020-08-28,282.69818115234375
2020-08-31,284.9692687988281
2020-09-01,289.8398742675781
2020-09-02,292.58447265625
2020-09-03,277.75030517578125
2020-09-04,274.0490417480469
2020-09-08,260.87713623046875
2020-09-09,268.5405578613281
2020-09-10,263.18670654296875
2020-09-11,261.3603210449219
2020-09-14,265.9119873046875
2020-09-15,269.680908203125
2020-09-16,265.3804626464844
2020-09-17,261.23468017578125
2020-09-18,257.9006042480469
2020-09-21,258.5191345214844
2020-09-22,263.3219909667969
2020-09-23,255.28164672851562
2020-09-24,256.4703369140625
2020-09-25,262.4329528808594
2020-09-28,267.8833923339844
2020-09-29,266.6755065917969
2020-09-30,268.501953125
2020-10-01,272.763671875
2020-10-02,265.090576171875
2020-10-05,270.74395751953125
2020-10-06,265.9119873046875
2020-10-07,270.51202392578125
2020-10-08,271.9518737792969
2020-10-09,276.107421875
2020-10-12,284.6309814453125
2020-10-13,284.6212463378906
2020-10-14,282.2439880371094
2020-10-15,280.34991455078125
2020-10-16,278.8133239746094
2020-10-19,274.2615966796875
2020-10-20,274.8511047363281
2020-10-21,274.6384582519531
2020-10-22,274.6288757324219
2020-10-23,275.16998291015625
2020-10-26,271.0434875488281
2020-10-27,273.1599426269531
2020-10-28,262.5102233886719
2020-10-29,267.1007080078125
2020-10-30,260.32623291015625
2020-11-02,260.906005859375
2020-11-03,265.419189453125
2020-11-04,277.26708984375
2020-11-05,284.4956970214844
2020-11-06,284.708251953125
2020-11-09,278.8905944824219
2020-11-10,273.8944091796875
2020-11-11,280.0213317871094
2020-11-12,278.7070007324219
2020-11-13,281.15191650390625
2020-11-16,283.3456726074219
2020-11-17,282.4468994140625
2020-11-18,280.3594970703125
2020-11-19,282.55322265625
2020-11-20,280.62042236328125
2020-11-23,280.6300964355469
2020-11-24,284.5729675292969
2020-11-25,286.3221740722656
2020-11-27,288.96044921875
2020-11-30,289.54986572265625
2020-12-01,293.26080322265625
2020-12-02,293.6376953125
2020-12-03,294.05328369140625
2020-12-04,295.2516784667969
2020-12-07,296.9234924316406
2020-12-08,297.9284973144531
2020-12-09,291.18310546875
2020-12-10,292.3524169921875
2020-12-11,291.7049865722656
2020-12-14,293.8213806152344
2020-12-15,296.9620361328125
2020-12-16,298.5952453613281
2020-12-17,300.54736328125
2020-12-18,299.63897705078125
2020-12-21,299.0784606933594
2020-12-22,299.8917236328125
2020-12-23,298.3813171386719
2020-12-24,299.6980895996094
2020-12-28,302.71856689453125
2020-12-29,302.98974609375
2020-12-30,302.9994812011719
2020-12-31,303.7448425292969
2021-01-04,299.4559631347656
2021-01-05,301.9248046875
2021-01-06,297.7424621582031
2021-01-07,304.9453430175781
2021-01-08,308.8663635253906
2021-01-11,304.4032287597656
2021-01-12,303.91925048828125
2021-01-13,305.97161865234375
2021-01-14,304.33544921875
2021-01-15,301.9248046875
2021-01-19,306.3298645019531
2021-01-20,313.455322265625
2021-01-21,315.96282958984375
2021-01-22,315.0528259277344
2021-01-25,317.65704345703125
2021-01-26,318.121826171875
2021-01-27,309.25360107421875
2021-01-28,311.08343505859375
2021-01-29,304.5387268066406
2021-02-01,312.14837646484375
2021-02-02,317.2408142089844
2021-02-03,315.9822082519531
2021-02-04,319.71917724609375
2021-02-05,320.8035888671875
2021-02-08,322.95281982421875
2021-02-09,322.8850402832031
2021-02-10,322.1493225097656
2021-02-11,323.9208679199219
2021-02-12,325.7314147949219
2021-02-16,324.85040283203125
2021-02-17,323.29168701171875
2021-02-18,321.8782043457031
2021-02-19,320.474365234375
2021-02-22,312.1676940917969
2021-02-23,311.23828125
2021-02-24,313.8038024902344
2021-02-25,302.8638916015625
2021-02-26,304.1321716308594
2021-03-01,313.2811584472656
2021-03-02,308.2563781738281
2021-03-03,299.31085205078125
2021-03-04,294.412109375
2021-03-05,298.8460388183594
2021-03-08,290.3844909667969
2021-03-09,301.8376159667969
2021-03-10,300.97601318359375
2021-03-11,307.9079284667969
2021-03-12,305.4100646972656
2021-03-15,308.6726989746094
2021-03-16,310.36700439453125
2021-03-17,311.64495849609375
2021-03-18,302.0990295410156
2021-03-19,303.1640625
2021-03-22,308.84930419921875
2021-03-23,307.5019226074219
2021-03-24,302.31585693359375
2021-03-25,301.7924499511719
2021-03-26,306.3192443847656
2021-03-29,306.23211669921875
2021-03-30,304.6907043457031
2021-03-31,309.3533935546875
2021-04-01,314.6267395019531
2021-04-05,320.9082336425781
2021-04-06,320.685302734375
2021-04-07,321.46075439453125
2021-04-08,324.81475830078125
2021-04-09,326.7825622558594
2021-04-12,326.3560791015625
2021-04-13,330.1656494140625
2021-04-14,326.2008972167969
2021-04-15,331.1446838378906
2021-04-16,331.5324401855469
2021-04-19,328.4983215332031
2021-04-20,326.10400390625
2021-04-21,328.8958435058594
2021-04-22,324.9311218261719
2021-04-23,329.02178955078125
2021-04-26,331.1641540527344
2021-04-27,329.7294006347656
2021-04-28,328.6146545410156
2021-04-29,329.79730224609375
2021-04-30,327.6355895996094
2021-05-03,325.8907165527344
2021-05-04,320.0260925292969
2021-05-05,318.95013427734375
2021-05-06,321.3541564941406
2021-05-07,323.9617614746094
2021-05-10,315.7802734375
2021-05-11,315.3440856933594
2021-05-12,307.18206787109375
2021-05-13,309.5569763183594
2021-05-14,316.3910217285156
2021-05-17,314.47161865234375
2021-05-18,312.3487548828125
2021-05-19,312.7073974609375
2021-05-20,318.75628662109375
2021-05-21,316.9920349121094
2021-05-24,322.3234558105469
2021-05-25,322.7694091796875
2021-05-26,323.8938903808594
2021-05-27,322.6822509765625
2021-05-28,323.70001220703125
2021-06-01,322.6239929199219
2021-06-02,323.254150390625
2021-06-03,319.890380859375
2021-06-04,325.3188781738281
2021-06-07,326.2882385253906
2021-06-08,326.443359375
2021-06-09,326.52081298828125
2021-06-10,329.9233703613281
2021-06-11,330.7860412597656
2021-06-14,333.9559631347656
2021-06-15,331.7748107910156
2021-06-16,330.5631103515625
2021-06-17,334.7604064941406
2021-06-18,332.1335754394531
2021-06-21,334.1976623535156
2021-06-22,337.3130187988281
2021-06-23,337.47796630859375
2021-06-24,339.5644836425781
2021-06-25,339.1471862792969
2021-06-28,343.2718505859375
2021-06-29,344.5140075683594
2021-06-30,343.9704895019531
2021-07-01,344.10650634765625
2021-07-02,348.0562744140625
2021-07-06,349.56060791015625
2021-07-07,350.29815673828125
2021-07-08,348.1824645996094
2021-07-09,350.3563232421875
2021-07-12,351.72479248046875
2021-07-13,351.72479248046875
2021-07-14,352.3555908203125
2021-07-15,349.8807373046875
2021-07-16,347.04705810546875
2021-07-19,344.20343017578125
2021-07-20,348.2018127441406
2021-07-21,350.89013671875
2021-07-22,353.2096252441406
2021-07-23,357.33416748046875
2021-07-26,357.6156311035156
2021-07-27,353.6754455566406
2021-07-28,355.0340881347656
2021-07-29,355.66497802734375
2021-07-30,353.8113708496094
2021-08-02,353.84039306640625
2021-08-03,355.9851989746094
2021-08-04,356.49957275390625
2021-08-05,358.7608337402344
2021-08-06,357.1886291503906
2021-08-09,357.8485107421875
2021-08-10,356.01434326171875
2021-08-11,355.40289306640625
2021-08-12,356.6839294433594
2021-08-13,357.9358215332031
2021-08-16,358.09124755859375
2021-08-17,354.9371032714844
2021-08-18,351.5209045410156
2021-08-19,353.21923828125
2021-08-20,356.8780517578125
2021-08-23,362.21575927734375
2021-08-24,363.3221130371094
2021-08-25,363.7393493652344
2021-08-26,361.4295654296875
2021-08-27,364.9427795410156
2021-08-30,369.0382385253906
2021-08-31,368.73748779296875
2021-09-01,369.34881591796875
2021-09-02,369.1741027832031
2021-09-03,370.3095397949219
2021-09-07,370.8336486816406
2021-09-08,369.5429382324219
2021-09-09,368.27154541015625
2021-09-10,365.4765930175781
2021-09-13,365.2241516113281
2021-09-14,364.18585205078125
2021-09-15,366.8934631347656
2021-09-16,367.1457214355469
2021-09-17,362.7979431152344
2021-09-20,355.3014221191406
2021-09-21,355.73858642578125
2021-09-22,359.0613708496094
2021-09-23,362.37445068359375
2021-09-24,362.7143859863281
2021-09-27,359.8192443847656
2021-09-28,349.6372375488281
2021-09-29,349.0640563964844
2021-09-30,347.7814636230469
2021-10-01,349.9384460449219
2021-10-04,342.5933532714844
2021-10-05,347.218017578125
2021-10-06,349.4429016113281
2021-10-07,352.64898681640625
2021-10-08,350.8905029296875
2021-10-11,348.1993408203125
2021-10-12,346.98486328125
2021-10-13,349.76348876953125
2021-10-14,356.20501708984375
2021-10-15,358.4492492675781
2021-10-18,362.05377197265625
2021-10-19,364.7936096191406
2021-10-20,364.3175048828125
2021-10-21,366.5424499511719
2021-10-22,363.46258544921875
2021-10-25,367.1836853027344
2021-10-26,368.33984375
2021-10-27,369.1947021484375
2021-10-28,373.2947692871094
2021-10-29,375.1310729980469
2021-11-01,376.4135437011719
2021-11-02,377.98748779296875
2021-11-03,382.0000305175781
2021-11-04,386.8966979980469
2021-11-05,387.2659606933594
2021-11-08,386.7412109375
2021-11-09,384.0791931152344
2021-11-10,378.4344177246094
2021-11-11,379.48370361328125
2021-11-12,383.476806640625
2021-11-15,383.389404296875
2021-11-16,386.11944580078125
2021-11-17,386.3235778808594
2021-11-18,390.3262939453125
2021-11-19,392.5026550292969
2021-11-22,387.9459533691406
2021-11-23,386.1777648925781
2021-11-24,387.42138671875
2021-11-26,380.0763854980469
2021-11-29,388.3248291015625
2021-11-30,382.6219177246094
2021-12-01,376.11236572265625
2021-12-02,378.8230895996094
2021-12-03,372.2358093261719
2021-12-06,375.218505859375
2021-12-07,386.51788330078125
2021-12-08,388.24713134765625
2021-12-09,382.5343322753906
2021-12-10,386.6927185058594
2021-12-13,381.1062316894531
2021-12-14,377.16168212890625
2021-12-15,385.760009765625
2021-12-16,375.84033203125
2021-12-17,373.96514892578125
2021-12-20,370.3376159667969
2021-12-21,378.6258544921875
2021-12-22,383.23699951171875
2021-12-23,386.1261901855469
2021-12-27,392.5078125
2021-12-28,390.6886901855469
2021-12-29,390.6302795410156
2021-12-30,389.4629211425781
2021-12-31,387.031005859375
2022-01-03,390.7568359375
2022-01-04,385.6885070800781
2022-01-05,373.83966064453125
2022-01-06,373.5771179199219
2022-01-07,369.5301208496094
2022-01-10,369.7733459472656
2022-01-11,375.328125
2022-01-12,376.8165283203125
2022-01-13,367.3899841308594
2022-01-14,369.6761474609375
2022-01-18,360.4732360839844
2022-01-19,356.51397705078125
2022-01-20,351.8835144042969
2022-01-21,342.126220703125
2022-01-24,343.6924743652344
2022-01-25,335.7251281738281
2022-01-26,335.1998291015625
2022-01-27,331.8241882324219
2022-01-28,342.2332458496094
2022-01-31,353.17718505859375
2022-02-01,355.5801086425781
2022-02-02,358.4693298339844
2022-02-03,343.9356689453125
2022-02-04,348.2744140625
2022-02-07,345.4726867675781
2022-02-08,349.3541259765625
2022-02-09,356.7572937011719
2022-02-10,348.682861328125
2022-02-11,337.62213134765625
2022-02-14,338.0404052734375
2022-02-15,346.4454650878906
2022-02-16,346.35791015625
2022-02-17,336.055908203125
2022-02-18,332.2230224609375
2022-02-22,328.88629150390625
2022-02-23,320.4617919921875
2022-02-24,331.2307434082031
2022-02-25,336.3671875
2022-02-28,337.36920166015625
2022-03-01,332.20355224609375
2022-03-02,337.7777404785156
2022-03-03,332.95263671875
2022-03-04,328.12750244140625
2022-03-07,316.02581787109375
2022-03-08,314.556884765625
2022-03-09,325.88037109375
2022-03-10,322.2615051269531
2022-03-11,315.5782775878906
2022-03-14,309.51776123046875
2022-03-15,319.226318359375
2022-03-16,331.06536865234375
2022-03-17,335.0733642578125
2022-03-18,341.93170166015625
2022-03-21,340.9810485839844
2022-03-22,347.6822204589844
2022-03-23,342.6854553222656
2022-03-24,350.30230712890625
2022-03-25,350.01007080078125
2022-03-28,355.4256286621094
2022-03-29,361.54229736328125
2022-03-30,357.5488586425781
2022-03-31,353.11724853515625
2022-04-01,352.4450378417969
2022-04-04,359.7015075683594
2022-04-05,351.714599609375
2022-04-06,344.078369140625
2022-04-07,344.8965148925781
2022-04-08,340.0752258300781
2022-04-11,332.0299377441406
2022-04-12,330.6272888183594
2022-04-13,337.3480224609375
2022-04-14,329.6338195800781
2022-04-18,329.8870544433594
2022-04-19,337.2602844238281
2022-04-20,332.341552734375
2022-04-21,325.4651184082031
2022-04-22,316.9424743652344
2022-04-25,321.0137939453125
2022-04-26,308.897216796875
2022-04-27,308.52703857421875
2022-04-28,319.4847106933594
2022-04-29,305.1082458496094
2022-05-02,310.202392578125
2022-05-03,310.5335388183594
2022-05-04,321.03326416015625
2022-05-05,304.86474609375
2022-05-06,301.2122497558594
2022-05-09,289.4267578125
2022-05-10,292.9429016113281
2022-05-11,284.2547607421875
2022-05-12,283.5826721191406
2022-05-13,294.0922546386719
2022-05-16,290.68328857421875
2022-05-17,298.2122802734375
2022-05-18,283.5729675292969
2022-05-19,282.0534362792969
2022-05-20,281.1769104003906
2022-05-23,285.85211181640625
2022-05-24,279.7742614746094
2022-05-25,283.6898498535156
2022-05-26,291.5500793457031
2022-05-27,301.0661315917969
2022-05-31,300.2674560546875
2022-06-01,298.04669189453125
2022-06-02,306.20892333984375
2022-06-03,298.24151611328125
2022-06-06,299.23504638671875
2022-06-07,301.8161315917969
2022-06-08,299.64410400390625
2022-06-09,291.61822509765625
2022-06-10,281.332763671875
2022-06-13,268.25177001953125
2022-06-14,268.7387390136719
2022-06-15,275.4497375488281
2022-06-16,264.3363037109375
2022-06-17,267.5505676269531
2022-06-21,274.3006591796875
2022-06-22,273.9005432128906
2022-06-23,277.9797668457031
2022-06-24,287.50439453125
2022-06-27,285.396484375
2022-06-28,276.70135498046875
2022-06-29,276.9551086425781
2022-06-30,273.51995849609375
2022-07-01,275.3253479003906
2022-07-05,280.03887939453125
2022-07-06,281.8345031738281
2022-07-07,287.865478515625
2022-07-08,288.2264709472656
2022-07-11,282.0687255859375
2022-07-12,279.3362121582031
2022-07-13,278.7604064941406
2022-07-14,279.7558898925781
2022-07-15,284.8304138183594
2022-07-18,282.4200134277344
2022-07-19,291.10528564453125
2022-07-20,295.7212829589844
2022-07-21,299.9663391113281
2022-07-22,294.7063293457031
2022-07-25,293.02783203125
2022-07-26,287.2701721191406
2022-07-27,299.4101257324219
2022-07-28,302.3377685546875
2022-07-29,307.8514099121094
2022-08-01,307.6660461425781
2022-08-02,306.74871826171875
2022-08-03,315.102294921875
2022-08-04,316.57574462890625
2022-08-05,313.9897766113281
2022-08-08,312.9748229980469
2022-08-09,309.43243408203125
2022-08-10,318.0688781738281
2022-08-11,316.26361083984375
2022-08-12,322.42144775390625
2022-08-15,325.0269470214844
2022-08-16,324.2657775878906
2022-08-17,320.5671691894531
2022-08-18,321.3381652832031
2022-08-19,315.072998046875
2022-08-22,306.77801513671875
2022-08-23,306.5243225097656
2022-08-24,307.41229248046875
2022-08-25,312.8479919433594
2022-08-26,300.02496337890625
2022-08-29,297.0679931640625
2022-08-30,293.75970458984375
2022-08-31,292.05194091796875
2022-09-01,292.1788330078125
2022-09-02,288.0508117675781
2022-09-06,285.98193359375
2022-09-07,291.75921630859375
2022-09-08,293.2718505859375
2022-09-09,299.683349609375
2022-09-12,303.2453308105469
2022-09-13,286.6163024902344
2022-09-14,288.89007568359375
2022-09-15,284.07904052734375
2022-09-16,282.3419189453125
2022-09-19,284.5406188964844
2022-09-20,282.2725524902344
2022-09-21,277.2181091308594
2022-09-22,273.80621337890625
2022-09-23,269.3481750488281
2022-09-26,268.23370361328125
2022-09-27,268.34124755859375
2022-09-28,273.6791687011719
2022-09-29,265.78961181640625
2022-09-30,261.2827453613281
2022-10-03,267.4124755859375
2022-10-04,275.8201599121094
2022-10-05,275.6734924316406
2022-10-06,273.5030822753906
2022-10-07,263.08160400390625
2022-10-10,260.4516906738281
2022-10-11,256.87359619140625
2022-10-12,256.7854919433594
2022-10-13,262.8078308105469
2022-10-14,254.90850830078125
2022-10-17,263.3259582519531
2022-10-18,265.4082946777344
2022-10-19,264.4404296875
2022-10-20,263.09130859375
2022-10-21,269.2602844238281
2022-10-24,272.22247314453125
2022-10-25,277.8536071777344
2022-10-26,271.7140808105469
2022-10-27,266.7672119140625
2022-10-28,274.9305419921875
2022-10-31,271.7336730957031
2022-11-01,268.9571228027344
2022-11-02,259.73797607421875
2022-11-03,254.6640625
2022-11-04,258.76043701171875
2022-11-07,261.6053161621094
2022-11-08,263.5117492675781
2022-11-09,257.4308166503906
2022-11-10,276.4263000488281
2022-11-11,281.5196838378906
2022-11-14,279.0560607910156
2022-11-15,282.917724609375
2022-11-16,279.0560607910156
2022-11-17,278.4402160644531
2022-11-18,278.45001220703125
2022-11-21,275.5855407714844
2022-11-22,279.5547180175781
2022-11-23,282.36053466796875
2022-11-25,280.50299072265625
2022-11-28,276.3871765136719
2022-11-29,274.29510498046875
2022-11-30,286.7989196777344
2022-12-01,287.15087890625
2022-12-02,286.007080078125
2022-12-05,281.2069396972656
2022-12-06,275.3802185058594
2022-12-07,274.2558898925781
2022-12-08,277.5015869140625
2022-12-09,275.7321472167969
2022-12-12,279.19293212890625
2022-12-13,282.1943359375
2022-12-14,280.1021728515625
2022-12-15,270.6973571777344
2022-12-16,268.1163635253906
2022-12-19,264.348388671875
2022-12-20,264.142578125
2022-12-21,267.9742736816406
2022-12-22,261.41827392578125
2022-12-23,262.0062561035156
2022-12-27,258.3019104003906
2022-12-28,254.89161682128906
2022-12-29,261.1046447753906
2022-12-30,260.9478454589844
2023-01-03,259.1839294433594
2023-01-04,260.4186706542969
2023-01-05,256.3419189453125
2023-01-06,263.4173889160156
2023-01-09,265.1225280761719
2023-01-10,267.36669921875
2023-01-11,271.9921875
2023-01-12,273.4620666503906
2023-01-13,275.34368896484375
2023-01-17,275.9023132324219
2023-01-18,272.31561279296875
2023-01-19,269.6402282714844
2023-01-20,277.01947021484375
2023-01-23,283.1736755371094
2023-01-24,282.59552001953125
2023-01-25,281.9683532714844
2023-01-26,287.46600341796875
2023-01-27,290.32745361328125
2023-01-30,284.45745849609375
2023-01-31,288.7203369140625
2023-02-01,294.8941650390625
2023-02-02,305.4779357910156
2023-02-03,300.0489196777344
2023-02-06,297.5107727050781
2023-02-07,303.6747741699219
2023-02-08,298.27508544921875
2023-02-09,295.6390075683594
2023-02-10,293.6986389160156
2023-02-13,298.40252685546875
2023-02-14,300.6074523925781
2023-02-15,302.9104309082031
2023-02-16,297.2265930175781
2023-02-17,295.1293640136719
2023-02-21,288.1422119140625
2023-02-22,288.3577880859375
2023-02-23,290.8763122558594
2023-02-24,286.0057678222656
2023-02-27,288.0539245605469
2023-02-28,287.68157958984375
2023-03-01,285.36883544921875
2023-03-02,287.7306213378906
2023-03-03,293.6790771484375
2023-03-06,294.01220703125
2023-03-07,290.4059143066406
2023-03-08,291.8563232421875
2023-03-09,286.79962158203125
2023-03-10,282.77191162109375
2023-03-13,284.8689880371094
2023-03-14,291.415283203125
2023-03-15,292.9440002441406
2023-03-16,300.666259765625
2023-03-17,299.2452392578125
2023-03-20,300.3072814941406
2023-03-21,304.5964050292969
2023-03-22,300.4544982910156
2023-03-23,304.01727294921875
2023-03-24,305.13623046875
2023-03-27,303.0456848144531
2023-03-28,301.4359130859375
2023-03-29,306.9323425292969
2023-03-30,309.83758544921875
2023-03-31,314.9903869628906
2023-04-03,314.2248840332031
2023-04-04,313.1648254394531
2023-04-05,310.0731506347656
2023-04-06,312.1636657714844
2023-04-10,311.987060546875
2023-04-11,309.98480224609375
2023-04-12,307.24639892578125
2023-04-13,313.2629699707031
2023-04-14,312.6741027832031
2023-04-17,312.9390563964844
2023-04-18,312.95867919921875
2023-04-19,312.8114929199219
2023-04-20,310.4264831542969
2023-04-21,310.7503356933594
2023-04-24,310.10260009765625
2023-04-25,304.25286865234375
2023-04-26,306.0981140136719
2023-04-27,314.421142578125
2023-04-28,316.5903015136719
2023-05-01,316.2270812988281
2023-05-02,313.4691162109375
2023-05-03,311.41778564453125
2023-05-04,310.3185119628906
2023-05-05,316.9141845703125
2023-05-08,317.69927978515625
2023-05-09,315.68731689453125
2023-05-10,319.12249755859375
2023-05-11,320.1628723144531
2023-05-12,319.0145568847656
2023-05-15,320.7420349121094
2023-05-16,321.1050720214844
2023-05-17,324.9917907714844
2023-05-18,331.0279541015625
2023-05-19,330.28204345703125
2023-05-22,331.39117431640625
2023-05-23,327.19036865234375
2023-05-24,325.5119934082031
2023-05-25,333.43267822265625
2023-05-26,341.95196533203125
2023-05-30,343.5027160644531
2023-05-31,341.54962158203125
2023-06-01,345.4952392578125
2023-06-02,348.0863342285156
2023-06-05,348.3316650390625
2023-06-06,348.2727966308594
2023-06-07,342.3642578125
2023-06-08,346.614013671875
2023-06-09,347.9391174316406
2023-06-12,353.8182067871094
2023-06-13,356.5370178222656
2023-06-14,359.1280822753906
2023-06-15,363.4073791503906
2023-06-16,361.12054443359375
2023-06-20,360.6036071777344
2023-06-21,355.68939208984375
2023-06-22,359.8861083984375
2023-06-23,356.31842041015625
2023-06-26,351.54180908203125
2023-06-27,357.58624267578125
2023-06-28,358.2841491699219
2023-06-29,357.5666198730469
2023-06-30,363.080322265625
2023-07-03,363.9354248046875
2023-07-05,363.925537109375
2023-07-06,361.1539611816406
2023-07-07,359.9548645019531
2023-07-10,360.0727844238281
2023-07-11,361.85174560546875
2023-07-12,366.4219970703125
2023-07-13,372.6433410644531
2023-07-14,372.5647277832031
2023-07-17,376.0439758300781
2023-07-18,379.12030029296875
2023-07-19,379.03179931640625
2023-07-20,370.2944030761719
2023-07-21,369.18377685546875
2023-07-24,369.7734680175781
2023-07-25,372.2796325683594
2023-07-26,371.04132080078125
2023-07-27,370.15673828125
2023-07-28,376.8990783691406
2023-07-31,377.0956726074219
2023-08-01,376.22088623046875
2023-08-02,367.965087890625
2023-08-03,367.3753967285156
2023-08-04,365.6554260253906
2023-08-07,368.7513427734375
2023-08-08,365.61602783203125
2023-08-09,361.5962829589844
2023-08-10,362.2645568847656
2023-08-11,359.9548645019531
2023-08-14,363.994384765625
2023-08-15,360.13189697265625
2023-08-16,356.31842041015625
2023-08-17,352.4263610839844
2023-08-18,351.984130859375
2023-08-21,357.6550598144531
2023-08-22,357.1440124511719
2023-08-23,362.7756652832031
2023-08-24,355.0210876464844
2023-08-25,357.77301025390625
2023-08-28,360.46600341796875
2023-08-29,368.3385009765625
2023-08-30,370.39263916015625
2023-08-31,371.50323486328125
2023-09-01,371.1100769042969
2023-09-05,371.5819396972656
2023-09-06,368.30908203125
2023-09-07,365.675048828125
2023-09-08,366.18603515625
2023-09-11,370.5007629394531
2023-09-12,366.3924560546875
2023-09-13,367.78814697265625
2023-09-14,370.79559326171875
2023-09-15,364.4464416503906
2023-09-18,364.8263854980469
2023-09-19,364.048828125
2023-09-20,358.802734375
2023-09-21,352.22784423828125
2023-09-22,352.27703857421875
2023-09-25,353.9503173828125
2023-09-26,348.63525390625
2023-09-27,349.4522705078125
2023-09-28,352.37554931640625
2023-09-29,352.63134765625
2023-10-02,355.5743408203125
2023-10-03,349.3341369628906
2023-10-04,354.0880432128906
2023-10-05,353.0448303222656
2023-10-06,358.9601745605469
2023-10-09,360.7909240722656
2023-10-10,362.7889709472656
2023-10-11,365.3775329589844
2023-10-12,364.10791015625
2023-10-13,359.53106689453125
2023-10-16,363.5960693359375
2023-10-17,362.4051208496094
2023-10-18,357.6510925292969
2023-10-19,354.30462646484375
2023-10-20,349.01910400390625
2023-10-23,350.0723571777344
2023-10-24,353.47784423828125
2023-10-25,344.8262634277344
2023-10-26,338.2513427734375
2023-10-27,339.8753662109375
2023-10-30,343.7041320800781
2023-10-31,345.34783935546875
2023-11-01,351.342041015625
2023-11-02,357.7200012207031
2023-11-03,361.9228515625
2023-11-06,363.39923095703125
2023-11-07,366.8343200683594
2023-11-08,367.070556640625
2023-11-09,364.2456970214844
2023-11-10,372.43475341796875
2023-11-13,371.2733459472656
2023-11-14,379.2655029296875
2023-11-15,379.5509338378906
2023-11-16,379.8757629394531
2023-11-17,379.9643249511719
2023-11-20,384.59039306640625
2023-11-21,382.3560485839844
2023-11-22,383.92108154296875
2023-11-24,383.3797607421875
2023-11-27,383.0450744628906
2023-11-28,384.04901123046875
2023-11-29,383.67498779296875
2023-11-30,382.7104187011719
2023-12-01,383.8029479980469
2023-12-04,380.23992919921875
2023-12-05,381.1946716308594
2023-12-06,378.9898681640625
2023-12-07,384.2852478027344
2023-12-08,385.99786376953125
2023-12-11,389.2951354980469
2023-12-12,392.39556884765625
2023-12-13,397.3857727050781
2023-12-14,397.04132080078125
2023-12-15,398.96063232421875
2023-12-18,401.4734802246094
2023-12-19,403.52484130859375
2023-12-20,397.528564453125
2023-12-21,402.1540222167969
2023-12-22,402.7556457519531
2023-12-26,405.2212219238281
2023-12-27,406.0461120605469
2023-12-28,405.8487243652344
2023-12-29,404.0923156738281
2024-01-02,397.25421142578125
2024-01-03,393.0506896972656
2024-01-04,391.02783203125
2024-01-05,391.4916076660156
2024-01-08,399.5829162597656
2024-01-09,400.3723449707031
2024-01-10,403.08587646484375
2024-01-11,403.924560546875
2024-01-12,404.1318054199219
2024-01-16,404.0923156738281
2024-01-17,401.8129577636719
2024-01-18,407.516357421875
2024-01-19,415.5978088378906
2024-01-22,416.1405334472656
2024-01-23,417.8673400878906
2024-01-24,420.18621826171875
2024-01-25,420.69927978515625
2024-01-26,418.19293212890625
2024-01-29,422.4754638671875
2024-01-30,419.6632385253906
2024-01-31,411.443603515625
2024-02-01,416.28857421875
2024-02-02,423.3240966796875
2024-02-05,422.77142333984375
2024-02-06,421.9228515625
2024-02-07,426.2644958496094
2024-02-08,427.053955078125
2024-02-09,431.2574768066406
2024-02-12,429.5701599121094
2024-02-13,422.8701477050781
2024-02-14,427.47821044921875
2024-02-15,428.75115966796875
2024-02-16,424.8633117675781
2024-02-20,421.6564636230469
2024-02-21,419.9690856933594
2024-02-22,432.26397705078125
2024-02-23,430.9910888671875
2024-02-26,430.76409912109375
2024-02-27,431.8001708984375
2024-02-28,429.5010681152344
2024-02-29,433.181640625
2024-03-01,439.7040100097656
2024-03-04,438.1350402832031
2024-03-05,430.2706604003906
2024-03-06,432.9743957519531
2024-03-07,439.546142578125
2024-03-08,433.20135498046875
2024-03-11,431.59295654296875
2024-03-12,437.77984619140625
2024-03-13,434.4150695800781
2024-03-14,433.31976318359375
2024-03-15,428.1689147949219
2024-03-18,432.25262451171875
2024-03-19,433.32958984375
2024-03-20,438.4674072265625
2024-03-21,440.54229736328125
2024-03-22,441.0462646484375
2024-03-25,439.4456481933594
2024-03-26,438.0228271484375
2024-03-27,439.5147399902344
2024-03-28,438.70452880859375
2024-04-01,439.6333312988281
2024-04-02,435.8392639160156
2024-04-03,436.8173828125
2024-04-04,430.13812255859375
2024-04-05,435.20684814453125
2024-04-08,435.3353271484375
2024-04-09,436.94586181640625
2024-04-10,433.1319580078125
2024-04-11,440.0482482910156
2024-04-12,433.0330810546875
2024-04-15,425.9092712402344
2024-04-16,425.9488525390625
2024-04-17,420.75164794921875
2024-04-18,418.3507385253906
2024-04-19,409.6954040527344
2024-04-22,413.8155212402344
2024-04-23,419.99090576171875
2024-04-24,421.4136962890625
2024-04-25,419.3782653808594
2024-04-26,425.8500671386719
2024-04-29,427.5790710449219
2024-04-30,419.5166015625
2024-05-01,416.48321533203125
2024-05-02,421.7989807128906
2024-05-03,430.2765197753906
2024-05-06,434.989501953125
2024-05-07,435.05865478515625
2024-05-08,434.8017578125
2024-05-09,435.750244140625
2024-05-10,436.77789306640625
2024-05-13,437.78564453125
2024-05-14,440.6015930175781
2024-05-15,447.48834228515625
2024-05-16,446.579345703125
2024-05-17,446.3619384765625
2024-05-20,449.4743347167969
2024-05-21,450.35369873046875
2024-05-22,450.26470947265625
2024-05-23,448.2392272949219
2024-05-24,452.4779968261719
2024-05-28,454.1872863769531
2024-05-29,450.9860534667969
2024-05-30,446.15447998046875
2024-05-31,445.32452392578125
2024-06-03,447.715576171875
2024-06-04,448.94073486328125
2024-06-05,457.9913024902344
2024-06-06,457.8332214355469
2024-06-07,457.4281311035156
2024-06-10,459.2757873535156
2024-06-11,462.42767333984375
2024-06-12,468.4844055175781
2024-06-13,471.0237121582031
2024-06-14,473.4642028808594
2024-06-17,479.2640075683594
2024-06-18,479.4122314453125
2024-06-20,475.7169494628906
2024-06-21,474.4423522949219
2024-06-24,469.0409851074219
2024-06-25,474.4047546386719
2024-06-26,475.38446044921875
2024-06-27,476.6116027832031
2024-06-28,474.13751220703125
2024-07-01,476.91845703125
2024-07-02,481.9259033203125
2024-07-03,485.9437255859375
2024-07-05,491.0105895996094
2024-07-08,492.1783752441406
2024-07-09,492.6038818359375
2024-07-10,497.739990234375
2024-07-11,486.8244934082031
2024-07-12,489.6845397949219
2024-07-15,491.000732421875
2024-07-16,491.1887512207031
2024-07-17,476.7699279785156
2024-07-18,474.51361083984375
2024-07-19,470.3077087402344
2024-07-22,477.3142395019531
2024-07-23,475.63189697265625
2024-07-24,458.57086181640625
2024-07-25,453.5138244628906
2024-07-26,458.1650695800781
2024-07-29,459.08538818359375
2024-07-30,452.781494140625
2024-07-31,466.18096923828125
2024-08-01,454.8894348144531
2024-08-02,444.0926513671875
2024-08-05,430.85150146484375
2024-08-06,434.9683532714844
2024-08-07,430.25775146484375
2024-08-08,443.4197082519531
2024-08-09,445.7354431152344
2024-08-12,446.6953430175781
2024-08-13,457.7790832519531
2024-08-14,457.9276123046875
2024-08-15,469.4961853027344
2024-08-16,470.0998840332031
2024-08-19,476.27508544921875
2024-08-20,475.275634765625
2024-08-21,477.4924011230469
2024-08-22,469.9218444824219
2024-08-23,475.0183410644531
2024-08-26,470.4066467285156
2024-08-27,471.81195068359375
2024-08-28,466.4580993652344
2024-08-29,465.7752685546875
2024-08-30,471.3270263671875
2024-09-03,457.01715087890625
2024-09-04,455.8295593261719
2024-09-05,456.2550964355469
2024-09-06,444.0332336425781
2024-09-09,449.743408203125
2024-09-10,453.8997802734375
2024-09-11,463.75640869140625
2024-09-12,468.3087158203125
2024-09-13,470.4066467285156
2024-09-16,468.3284912109375
2024-09-17,468.575927734375
2024-09-18,466.5471496582031
2024-09-19,478.34344482421875
2024-09-20,477.4330139160156
2024-09-23,478.6985168457031
2024-09-24,481.0075988769531
2024-09-25,481.4534912109375
2024-09-26,485.07073974609375
2024-09-27,482.37518310546875
2024-09-30,483.683349609375
2024-10-01,476.94439697265625
2024-10-02,477.6183166503906
2024-10-03,477.26153564453125
2024-10-04,482.9400329589844
2024-10-07,477.7669677734375
2024-10-08,484.9022216796875
2024-10-09,488.7176513671875
2024-10-10,488.16265869140625
2024-10-11,488.92578125
2024-10-14,493.0285339355469
2024-10-15,486.43829345703125
2024-10-16,486.4977722167969
2024-10-17,486.8346862792969
2024-10-18,490.02581787109375
2024-10-21,490.9672546386719
2024-10-22,491.50244140625
2024-10-23,483.970703125
2024-10-24,487.8951110839844
2024-10-25,490.8681335449219
2024-10-28,490.94744873046875
2024-10-29,495.6646728515625
2024-10-30,491.91864013671875
2024-10-31,479.50128173828125
2024-11-01,483.049072265625
2024-11-04,481.641845703125
2024-11-05,487.7861022949219
2024-11-06,501.035888671875
2024-11-07,508.92431640625
2024-11-08,509.5190124511719
2024-11-11,509.2217712402344
2024-11-12,508.300048828125
2024-11-13,507.6459655761719
2024-11-14,504.11798095703125
2024-11-15,492.1069641113281
2024-11-18,495.52587890625
2024-11-19,498.93499755859375
2024-11-20,498.6476135253906
2024-11-21,500.44134521484375
2024-11-22,501.2440490722656
2024-11-25,502.036865234375
2024-11-26,504.732421875
2024-11-27,500.7584228515625
2024-11-29,505.15850830078125
2024-12-02,510.6585998535156
2024-12-03,512.2244873046875
2024-12-04,518.5570068359375
2024-12-05,517.1199951171875
2024-12-06,521.7481079101562
2024-12-09,517.6849365234375
2024-12-10,515.9208984375
2024-12-11,525.1571655273438
2024-12-12,521.7679443359375
2024-12-13,525.7617797851562
2024-12-16,533.3329467773438
2024-12-17,530.9843139648438
2024-12-18,511.8280029296875
2024-12-19,509.5487060546875
2024-12-20,513.998291015625
2024-12-23,519.0060424804688
2024-12-24,526.043701171875
2024-12-26,525.6863403320312
2024-12-27,518.6983642578125
2024-12-30,511.7997131347656
2024-12-31,507.4521179199219
2025-01-02,506.4595031738281
2025-01-03,514.7478637695312
2025-01-06,520.6636962890625
2025-01-07,511.3729553222656
2025-01-08,511.4622497558594
2025-01-10,503.44195556640625
2025-01-13,501.8240051269531
2025-01-14,501.3475341796875
2025-01-15,512.8816528320312
2025-01-16,509.28851318359375
2025-01-17,517.8843994140625
2025-01-21,520.921875
2025-01-22,527.582275390625
2025-01-23,528.7037963867188
2025-01-24,525.7161254882812
2025-01-27,510.41015625
2025-01-28,517.953857421875
2025-01-29,516.9811401367188
2025-01-30,519.1847534179688
2025-01-31,518.4302978515625
2025-02-03,514.28125
2025-02-04,520.59423828125
2025-02-05,522.9566650390625
2025-02-06,525.6863403320312
2025-02-07,519.0556640625
2025-02-10,525.3389892578125
2025-02-11,524.0882568359375
2025-02-12,524.39599609375
2025-02-13,531.9397583007812
2025-02-14,534.1732177734375
2025-02-18,535.3841552734375
2025-02-19,535.5330810546875
2025-02-20,533.2599487304688
2025-02-21,522.1924438476562
2025-02-24,516.0282592773438
2025-02-25,509.5266418457031
2025-02-26,510.7574768066406
2025-02-27,496.57305908203125
2025-02-28,504.4147644042969
2025-03-03,493.3768615722656
2025-03-04,491.887939453125
2025-03-05,498.30023193359375
2025-03-06,484.59228515625
2025-03-07,488.1557922363281
2025-03-10,469.2366638183594
2025-03-11,468.1149597167969
2025-03-12,473.3956604003906
2025-03-13,464.87908935546875
2025-03-14,476.1154479980469
2025-03-17,479.2024230957031
2025-03-18,471.03326416015625
2025-03-19,477.33636474609375
2025-03-20,475.7183837890625
2025-03-21,477.28668212890625
2025-03-24,487.76043701171875
2025-03-25,490.5438537597656
2025-03-26,481.51751708984375
2025-03-27,478.7738342285156
2025-03-28,466.1687927246094
2025-03-31,466.14892578125
2025-04-01,469.90655517578125
2025-04-02,473.336181640625
2025-04-03,447.996826171875
2025-04-04,420.1722106933594
2025-04-07,421.1861572265625
2025-04-08,413.60125732421875
2025-04-09,463.2461242675781
2025-04-10,443.5432434082031
2025-04-11,451.7146911621094
2025-04-14,454.7764892578125
2025-04-15,455.2834777832031
2025-04-16,441.5550537109375
2025-04-17,441.4755859375
2025-04-21,430.5505065917969
2025-04-22,441.85333251953125
2025-04-23,451.8737487792969
2025-04-24,464.5881652832031
2025-04-25,469.76739501953125
2025-04-28,469.61822509765625
2025-04-29,472.7198486328125
2025-04-30,472.66015625
2025-05-01,478.8334655761719
2025-05-02,485.94122314453125
2025-05-05,483.058349609375
2025-05-06,478.5650939941406
2025-05-07,480.44390869140625
2025-05-08,485.4044189453125
2025-05-09,485.0862731933594
2025-05-12,504.8488464355469
2025-05-13,512.5431518554688
2025-05-14,515.6148681640625
2025-05-15,516.1814575195312
2025-05-16,518.4281005859375
2025-05-19,518.9252319335938
2025-05-20,517.1954345703125
2025-05-21,510.0080871582031
2025-05-22,510.96246337890625
2025-05-23,506.2305908203125
2025-05-27,518.1397705078125
2025-05-28,515.8433837890625
2025-05-29,516.8574829101562
2025-05-30,516.0423583984375
2025-06-02,520.1180419921875
2025-06-03,524.183837890625
2025-06-04,525.645263671875
2025-06-05,521.688720703125
2025-06-06,526.7883911132812
2025-06-09,527.5638427734375
2025-06-10,531.0531005859375
2025-06-11,529.263671875
2025-06-12,530.5062255859375
2025-06-13,523.845947265625
2025-06-16,531.132568359375
2025-06-17,525.9534301757812
2025-06-18,525.8638305664062
2025-06-20,523.7166748046875
2025-06-23,529.1017456054688
2025-06-24,537.1927490234375
2025-06-25,538.5661010742188
2025-06-26,543.6018676757812
2025-06-27,545.4629516601562
2025-06-30,548.9959106445312
2025-07-01,544.3682250976562
2025-07-02,548.1599731445312
2025-07-03,553.553955078125
2025-07-07,549.3840942382812
2025-07-08,549.6925659179688
2025-07-09,553.5838012695312
2025-07-10,552.7876586914062
2025-07-11,551.543701171875
2025-07-14,553.5440673828125
2025-07-15,554.051513671875
2025-07-16,554.6187744140625
2025-07-17,559.1072387695312
2025-07-18,558.56982421875
2025-07-21,561.4658813476562
2025-07-22,558.559814453125
2025-07-23,561.1075439453125
2025-07-24,562.3018798828125
2025-07-25,563.6553344726562
2025-07-28,565.4168090820312
2025-07-29,564.541015625
2025-07-30,565.2974853515625
2025-07-31,562.3018798828125
2025-08-01,551.2251586914062
2025-08-04,561.3961791992188
2025-08-05,557.5845947265625
2025-08-06,564.6007690429688
2025-08-07,566.5115966796875
2025-08-08,571.7960815429688
2025-08-11,570.104248046875
2025-08-12,577.2697143554688
2025-08-13,577.5584106445312
2025-08-14,577.110595703125
2025-08-15,574.57275390625
2025-08-18,574.3438110351562
2025-08-19,566.5514526367188
2025-08-20,563.1876220703125
2025-08-21,560.5802001953125
2025-08-22,569.2284545898438
2025-08-25,567.5863647460938
2025-08-26,569.8654174804688
2025-08-27,570.7411499023438
2025-08-28,574.3140258789062
2025-08-29,567.6660766601562
2025-09-02,562.9088745117188
2025-09-03,567.3375854492188
2025-09-04,572.4728393554688
2025-09-05,573.298828125
2025-09-08,576.0953979492188
2025-09-09,577.7276000976562
2025-09-10,577.9166259765625
2025-09-11,581.2804565429688
2025-09-12,583.8480224609375
2025-09-15,588.843994140625
2025-09-16,588.3463134765625
2025-09-17,587.1720581054688
2025-09-18,592.4666137695312
2025-09-19,596.4772338867188
2025-09-22,600.0083618164062
2025-09-23,596.0228881835938
2025-09-24,593.9305419921875
2025-09-25,591.3699951171875
2025-09-26,593.8009643554688
2025-09-29,596.5509643554688
2025-09-30,598.18505859375
2025-10-01,601.0545043945312
2025-10-02,603.5254516601562
2025-10-03,600.9848022460938
2025-10-06,605.498291015625
2025-10-07,602.3099365234375
2025-10-08,609.2147216796875
2025-10-09,608.4774780273438
2025-10-10,587.3545532226562
2025-10-13,599.8190307617188
2025-10-14,595.8236694335938
2025-10-15,600.0283203125
2025-10-16,597.8064575195312
2025-10-17,601.7320556640625
2025-10-20,609.3143310546875
2025-10-21,609.1549682617188
2025-10-22,603.286376953125
2025-10-23,608.3578491210938
2025-10-24,614.8540649414062
2025-10-27,625.80419921875
2025-10-28,630.6165161132812
2025-10-29,633.4561767578125
2025-10-30,623.7715454101562
2025-10-31,626.7805786132812
2025-11-03,629.7796020507812
2025-11-04,616.996337890625
2025-11-05,621.0116577148438
2025-11-06,609.4439086914062
2025-11-07,607.5208740234375
2025-11-10,620.9617919921875
2025-11-11,619.307861328125
2025-11-12,618.8196411132812
2025-11-13,606.185791015625
2025-11-14,606.6441040039062
2025-11-17,601.4630737304688
2025-11-18,594.1397705078125
2025-11-19,597.6868286132812
2025-11-20,583.5385131835938
2025-11-21,587.9224853515625
2025-11-24,602.9575805664062
2025-11-25,606.674072265625
2025-11-26,612.034423828125
2025-11-28,616.996337890625
2025-12-01,614.923828125
2025-12-02,619.7362670898438
2025-12-03,621.2507934570312
2025-12-04,620.6728515625
2025-12-05,623.2036743164062
2025-12-08,622.0079956054688
2025-12-09,622.775146484375
2025-12-10,625.3258666992188
2025-12-11,623.3033447265625
2025-12-12,611.3867797851562
2025-12-15,608.3179931640625
2025-12-16,609.5235595703125
2025-12-17,598.224853515625
2025-12-18,606.8931884765625
2025-12-19,614.8043212890625
2025-12-22,617.7513427734375
2025-12-23,620.6444702148438
2025-12-24,622.4602661132812
2025-12-26,622.4202880859375
2025-12-29,619.4074096679688
2025-12-30,617.9707641601562
2025-12-31,612.8628540039062
2026-01-02,611.6757202148438
2026-01-05,616.5341796875
2026-01-06,621.951416015625
2026-01-07,622.550048828125
2026-01-08,619.0083618164062
2026-01-09,625.173828125
2026-01-12,625.6925659179688
2026-01-13,624.7647705078125
2026-01-14,618.0905151367188
2026-01-15,620.3153076171875
2026-01-16,619.7965087890625
2026-01-20,606.6276245117188
2026-01-21,614.8282470703125
2026-01-22,619.2976684570312
2026-01-23,621.2530517578125
2026-01-26,623.9866333007812
2026-01-27,629.6432495117188
2026-01-28,631.7283325195312
2026-01-29,627.947265625
2026-01-30,620.4050903320312
2026-02-02,624.6650390625
2026-02-03,615.0676879882812
2026-02-04,604.3230590820312
2026-02-05,595.6236572265625
2026-02-06,608.2138671875
2026-02-09,612.8728637695312
2026-02-10,610.029541015625
2026-02-11,611.6657104492188
2026-02-12,599.22509765625
2026-02-13,600.5020751953125
2026-02-17,599.8834838867188
2026-02-18,604.3629150390625
2026-02-19,602.0484008789062
2026-02-20,607.3758544921875
2026-02-23,599.9932250976562
2026-02-24,606.4380493164062
2026-02-25,615.227294921875
2026-02-26,607.8048095703125
2026-02-27,605.859375
2026-03-02,606.6575317382812
2026-03-03,600.1629028320312
2026-03-04,609.311279296875
2026-03-05,607.4755249023438
2026-03-06,598.337158203125
2026-03-09,606.3283081054688
2026-03-10,606.3383178710938
2026-03-11,606.2584838867188
2026-03-12,595.8530883789062
2026-03-13,592.3213500976562
2026-03-16,598.9656982421875
2026-03-17,601.8887939453125
2026-03-18,593.4986572265625
2026-03-19,591.623046875
2026-03-20,580.6888427734375
2026-03-23,587.3545532226562
2026-03-24,583.3389282226562
2026-03-25,587.1747436523438
2026-03-26,573.1600952148438
2026-03-27,561.9624633789062
2026-03-30,557.6671752929688
2026-03-31,576.54638671875
2026-04-01,583.6685791015625
2026-04-02,584.3378295898438
2026-04-06,587.85400390625
2026-04-07,587.9439086914062
2026-04-08,605.4246826171875
2026-04-09,609.5202026367188
2026-04-10,610.3992309570312
2026-04-13,616.7122802734375
2026-04-14,627.909912109375
2026-04-15,636.7003173828125
2026-04-16,639.7669067382812
2026-04-17,648.1376953125
2026-04-20,646.0799560546875
2026-04-21,643.6226806640625
2026-04-22,654.390869140625
2026-04-23,650.7048950195312
2026-04-24,663.1512451171875
2026-04-27,663.5008544921875
2026-04-28,656.8281860351562
2026-04-29,660.84375
2026-04-30,667.0069580078125
2026-05-01,673.4099731445312
2026-05-04,672.141357421875
2026-05-05,680.8617553710938
2026-05-06,695.0062255859375
2026-05-07,694.1771240234375
2026-05-08,710.44921875
2026-05-11,712.5069580078125
2026-05-12,706.463623046875
2026-05-13,713.9254760742188
2026-05-14,718.9998168945312
2026-05-15,708.1517944335938
2026-05-18,705.1051025390625
2026-05-19,700.7599487304688
2026-05-20,712.3671875
2026-05-21,713.7256469726562
2026-05-22,716.7523193359375
2026-05-26,729.4783935546875
2026-05-27,728.6492919921875
2026-05-28,734.79248046875
2026-05-29,737.49951171875
2026-06-01,741.9246826171875
2026-06-02,745.3408813476562
2026-06-03,743.39306640625
2026-06-04,739.7969970703125
2026-06-05,704.2860107421875
2026-06-08,715.283935546875
2026-06-09,707.052978515625
2026-06-10,692.9285278320312
2026-06-11,716.332763671875
2026-06-12,720.5481567382812
2026-06-15,743.1832885742188
2026-06-16,729.0587768554688
2026-06-17,721.7168579101562
2026-06-18,739.8070068359375
2026-06-22,737.9500122070312
2026-06-23,713.6500244140625
